sample_id,state,latitude,longitude,rainfall_mm,rainfall_24h,rainfall_7d,soil_moisture,slope_degree,elevation_m,distance_to_fault_km,historical_events_count,distance_to_drainage_m,probability,landslide_occurred
NER_00000,Meghalaya,25.12251,90.62509,21.7,21.7,150.09,66.29,34.46,2044.0,9.03,4,22.7,0.349,0
NER_00001,Assam (Barak/Dima Hasao),25.10862,93.32497,6.92,230.37,411.84,93.89,24.99,766.7,13.11,2,104.0,0.9993,1
NER_00002,Arunachal Pradesh,28.31118,96.34277,4.62,15.46,51.7,44.66,40.58,2108.2,28.93,1,200.8,0.0116,0
NER_00003,Mizoram,23.90998,93.38227,39.2,94.94,426.51,95.4,41.1,566.7,3.83,1,449.1,0.9907,1
NER_00004,Mizoram,22.32485,92.65535,2.52,5.73,1.93,29.37,26.83,1770.5,6.51,2,462.6,0.0023,0
NER_00005,Arunachal Pradesh,27.13788,94.49539,32.93,183.08,405.87,88.95,41.15,3029.8,1.23,0,341.6,0.9985,1
NER_00006,Manipur,24.7681,93.16364,30.04,100.86,579.12,98.0,32.15,1156.2,7.9,3,137.1,0.9985,1
NER_00007,Meghalaya,25.71354,91.41091,4.0,21.9,15.8,26.25,28.77,1339.6,0.95,1,151.2,0.0053,0
NER_00008,Nagaland,26.715,94.26456,0.89,14.97,29.32,32.7,47.81,1622.1,1.41,5,639.2,0.0719,0
NER_00009,Nagaland,25.63101,93.75766,43.3,43.3,370.18,88.59,43.26,1352.3,10.53,3,954.0,0.9117,1
NER_00010,Assam (Barak/Dima Hasao),26.15011,93.80048,15.14,217.41,450.58,98.0,24.46,150.0,9.98,1,278.4,0.9991,1
NER_00011,Mizoram,21.9187,93.04941,40.34,124.22,396.87,93.3,30.73,1339.3,0.26,0,180.5,0.9874,1
NER_00012,Tripura (Jampui Hills),23.743,92.08378,1.35,1.35,39.21,22.12,16.66,698.2,8.61,1,132.4,0.0008,0
NER_00013,Meghalaya,25.32379,90.37063,4.68,208.8,486.45,98.0,23.06,1532.9,2.61,0,641.9,0.9985,1
NER_00014,Mizoram,22.33241,92.78277,24.42,191.42,426.17,98.0,29.92,1291.5,0.48,1,1055.1,0.9975,1
NER_00015,Tripura (Jampui Hills),23.6548,91.97802,10.34,128.14,541.87,98.0,31.61,497.2,6.25,2,14.7,0.9988,1
NER_00016,Meghalaya,25.70769,90.50561,51.54,146.33,411.58,98.0,31.1,2013.4,2.26,1,241.5,0.9962,1
NER_00017,Arunachal Pradesh,27.21606,93.87472,5.88,239.65,717.9,98.0,38.41,2302.2,3.04,2,18.8,0.9997,1
NER_00018,Meghalaya,25.89134,90.90858,0.2,0.2,49.03,43.22,38.88,1815.0,9.73,2,1090.2,0.0069,0
NER_00019,Manipur,24.30249,94.60148,2.01,21.32,30.32,51.79,42.26,1088.9,2.65,0,105.0,0.0468,0
NER_00020,Assam (Barak/Dima Hasao),25.96109,92.56172,7.56,14.02,6.71,44.19,18.77,643.8,31.22,0,145.8,0.0008,0
NER_00021,Sikkim,27.91805,88.52426,2.0,22.47,12.6,23.6,42.12,2324.8,2.95,4,397.6,0.027,0
NER_00022,Assam (Barak/Dima Hasao),26.16337,93.54927,43.47,55.36,501.38,98.0,27.77,1012.6,1.42,3,48.7,0.9892,1
NER_00023,Mizoram,22.59369,93.14485,14.06,83.67,471.57,98.0,44.2,1709.6,15.65,0,424.0,0.9866,1
NER_00024,Meghalaya,25.9702,90.63737,53.01,233.34,343.7,82.32,32.87,1145.3,31.77,1,700.2,0.9923,1
NER_00025,Meghalaya,25.63691,90.83706,24.99,24.99,251.21,77.79,34.19,982.8,33.2,0,574.4,0.1001,0
NER_00026,Mizoram,22.84698,92.28397,23.33,84.59,298.37,76.96,17.14,1016.2,3.01,3,318.0,0.7541,1
NER_00027,Manipur,24.1645,94.19687,6.29,7.6,12.61,41.23,17.16,1557.3,1.53,1,130.3,0.0028,0
NER_00028,Tripura (Jampui Hills),23.94216,91.92822,45.38,157.41,338.25,85.64,5.0,744.3,12.72,0,22.2,0.8589,1
NER_00029,Mizoram,22.28312,92.25546,23.18,176.63,379.42,89.84,16.55,1747.1,11.71,1,543.2,0.9755,1
NER_00030,Sikkim,27.98193,88.7744,8.43,140.42,583.28,98.0,49.75,1742.3,1.98,3,297.6,0.9997,1
NER_00031,Arunachal Pradesh,29.35012,96.84856,2.07,18.59,28.48,28.65,49.48,2115.6,5.62,3,198.4,0.0525,0
NER_00032,Tripura (Jampui Hills),24.12675,91.96476,39.44,67.03,409.31,96.04,10.67,890.0,2.54,0,194.2,0.7667,1
NER_00033,Assam (Barak/Dima Hasao),25.26323,93.15229,27.28,213.15,502.21,98.0,39.74,1038.5,3.95,2,730.0,0.9997,1
NER_00034,Assam (Barak/Dima Hasao),25.55351,93.52849,40.38,165.5,554.66,98.0,21.33,1013.3,5.36,0,166.2,0.9979,1
NER_00035,Manipur,25.66337,93.96142,2.62,4.54,15.61,35.91,38.05,804.4,8.7,0,139.9,0.006,0
NER_00036,Assam (Barak/Dima Hasao),25.18956,93.83169,5.61,5.61,4.12,21.41,8.95,1109.2,5.08,2,13.4,0.0006,0
NER_00037,Mizoram,22.41834,92.22446,4.86,19.17,10.07,46.18,32.69,1369.9,8.86,1,61.5,0.0142,0
NER_00038,Manipur,25.63297,93.19458,1.9,1.9,41.44,23.57,35.68,1155.6,9.05,5,126.3,0.0171,0
NER_00039,Meghalaya,25.8166,91.4978,24.98,109.51,360.1,81.38,42.73,1525.9,8.67,0,260.7,0.9719,1
NER_00040,Manipur,24.62743,94.32083,47.14,179.48,330.26,83.78,42.45,1410.0,13.21,1,165.2,0.9963,1
NER_00041,Meghalaya,25.35104,91.15241,15.69,124.7,314.37,81.48,32.03,880.4,8.83,0,170.5,0.9401,1
NER_00042,Sikkim,27.56829,88.17195,2.35,11.2,1.03,34.15,49.91,2222.2,6.48,0,161.6,0.0168,0
NER_00043,Arunachal Pradesh,27.91978,94.68553,8.34,42.15,158.81,67.79,51.18,2009.1,3.21,2,79.0,0.735,1
NER_00044,Manipur,24.16393,94.32949,2.42,7.41,21.65,44.78,26.01,1626.5,11.42,1,984.5,0.0018,0
NER_00045,Sikkim,28.07172,88.49802,11.77,120.61,348.83,98.0,36.48,2003.4,16.23,1,515.3,0.9779,1
NER_00046,Meghalaya,25.46064,90.02225,2.96,2.96,45.87,47.68,38.79,1308.8,1.29,1,90.5,0.0302,0
NER_00047,Assam (Barak/Dima Hasao),25.43072,93.11981,1.69,23.69,12.47,43.11,21.83,1525.0,2.92,2,235.2,0.0084,0
NER_00048,Manipur,24.84879,93.28176,14.37,208.41,270.44,81.61,6.97,586.6,5.08,0,85.0,0.9453,1
NER_00049,Mizoram,23.00536,92.85347,17.3,183.52,469.66,98.0,18.2,500.1,14.02,0,45.4,0.9955,1
NER_00050,Nagaland,26.10085,94.23821,32.49,231.43,637.61,98.0,44.68,1599.8,4.53,0,72.0,0.9997,1
NER_00051,Nagaland,26.23724,94.74991,26.91,198.21,664.28,98.0,39.93,1931.4,4.67,0,1447.8,0.9997,1
NER_00052,Manipur,24.42663,94.24861,23.42,87.74,554.32,98.0,32.31,870.7,13.44,1,151.7,0.9928,1
NER_00053,Sikkim,27.72343,88.48833,5.09,5.09,32.95,35.33,33.04,2333.7,3.59,2,245.5,0.01,0
NER_00054,Meghalaya,25.12598,91.69007,52.19,204.32,285.37,77.51,36.32,800.8,2.98,0,131.1,0.9945,1
NER_00055,Nagaland,26.11597,93.81951,6.91,12.71,52.76,29.67,30.83,2068.8,2.23,1,121.0,0.008,0
NER_00056,Assam (Barak/Dima Hasao),25.27583,93.6028,3.87,21.63,26.79,31.64,5.0,746.9,10.36,3,216.8,0.0012,0
NER_00057,Assam (Barak/Dima Hasao),25.43748,92.95049,45.0,182.56,529.91,98.0,24.64,982.6,6.79,0,373.5,0.9983,1
NER_00058,Manipur,24.74112,93.06664,23.73,117.81,472.91,98.0,15.98,1092.3,16.3,3,145.1,0.9856,1
NER_00059,Nagaland,25.80941,94.61614,48.24,176.71,548.44,98.0,30.69,1040.0,15.3,3,119.5,0.9996,1
NER_00060,Meghalaya,25.31129,91.8532,2.4,2.51,9.98,21.01,30.5,1679.5,0.76,5,357.2,0.0082,0
NER_00061,Sikkim,27.3227,88.33736,14.76,210.94,519.81,98.0,44.76,2590.1,6.68,3,46.6,0.9997,1
NER_00062,Nagaland,26.02723,94.567,7.7,24.69,17.95,44.16,32.4,1860.3,2.71,1,19.2,0.0215,0
NER_00063,Nagaland,25.55859,94.03092,16.55,235.04,561.24,98.0,29.03,1207.3,6.79,1,1229.7,0.9996,1
NER_00064,Sikkim,28.00168,88.67065,42.05,57.78,200.56,69.9,47.67,1450.5,11.96,0,404.8,0.54,1
NER_00065,Meghalaya,25.91306,91.73902,9.0,183.18,292.22,85.09,18.48,1243.9,6.93,2,23.6,0.9851,1
NER_00066,Arunachal Pradesh,28.09256,96.98092,7.7,8.47,6.91,24.93,45.36,2330.3,13.93,1,410.6,0.0053,0
NER_00067,Assam (Barak/Dima Hasao),26.15418,93.62642,6.58,16.81,35.07,52.91,13.42,1278.4,0.2,1,151.6,0.0061,0
NER_00068,Mizoram,23.12584,92.94346,8.18,172.74,494.9,98.0,37.52,1075.3,7.53,2,252.2,0.9996,1
NER_00069,Meghalaya,25.18747,92.46178,23.99,182.01,281.55,82.92,32.7,1689.5,8.88,2,729.6,0.9855,1
NER_00070,Tripura (Jampui Hills),24.11565,92.36343,49.79,235.71,431.01,95.64,17.44,1201.8,1.96,1,67.3,0.9992,1
NER_00071,Meghalaya,25.95411,92.27257,12.88,237.48,621.62,98.0,29.49,1631.6,8.16,5,13.0,0.9997,1
NER_00072,Mizoram,23.4246,93.17566,6.39,24.69,32.41,23.85,31.66,1886.3,12.43,1,81.2,0.0049,0
NER_00073,Manipur,23.82823,94.42197,43.23,182.77,427.09,93.86,28.6,1452.8,1.53,0,338.4,0.9972,1
NER_00074,Sikkim,27.79997,88.81788,5.7,10.66,6.48,35.52,37.64,2016.4,8.25,0,1640.5,0.001,0
NER_00075,Arunachal Pradesh,28.32489,91.89409,7.26,117.09,419.53,98.0,35.59,2511.3,6.36,0,1306.6,0.9676,1
NER_00076,Mizoram,23.01818,93.26571,38.4,72.35,531.47,98.0,15.54,1586.5,4.07,2,93.7,0.976,1
NER_00077,Assam (Barak/Dima Hasao),24.93519,93.53431,41.77,94.56,423.96,89.97,24.63,943.0,7.06,1,100.0,0.9617,1
NER_00078,Sikkim,28.06524,88.54037,42.42,205.21,400.61,84.97,30.95,2621.8,1.91,2,63.5,0.9991,1
NER_00079,Sikkim,27.66989,88.59205,36.84,55.82,150.28,61.9,30.67,2166.3,2.55,2,636.3,0.2038,1
NER_00080,Sikkim,27.10093,88.47743,1.24,14.91,53.0,46.41,30.95,2508.7,1.37,0,98.0,0.0153,0
NER_00081,Meghalaya,25.34489,91.78582,27.79,78.73,414.05,93.93,22.32,1438.9,2.55,2,30.2,0.9656,1
NER_00082,Sikkim,27.00846,88.27128,4.39,4.39,22.81,37.51,35.62,2252.4,2.36,0,10.0,0.0087,0
NER_00083,Arunachal Pradesh,26.71623,96.67059,8.1,174.64,392.6,92.37,46.75,2675.1,20.32,3,214.4,0.9992,1
NER_00084,Arunachal Pradesh,27.01562,97.18569,48.14,105.1,170.49,65.37,28.66,2751.8,3.59,1,28.0,0.6324,0
NER_00085,Meghalaya,25.55943,90.14208,1.58,5.91,8.79,41.08,25.63,532.0,3.44,2,427.2,0.0048,0
NER_00086,Meghalaya,25.25943,92.11854,47.81,157.94,468.98,98.0,30.78,730.1,11.41,1,644.8,0.9959,1
NER_00087,Manipur,24.63555,93.84406,17.22,23.46,219.39,62.87,17.11,575.6,7.16,1,19.3,0.0714,0
NER_00088,Assam (Barak/Dima Hasao),25.4478,93.27604,5.28,122.02,219.9,61.12,5.0,971.0,4.78,3,263.8,0.3994,1
NER_00089,Arunachal Pradesh,29.44716,92.00597,22.53,96.88,539.95,98.0,40.46,2510.2,9.84,8,185.6,0.9997,1
NER_00090,Arunachal Pradesh,26.69774,92.06704,1.13,8.33,34.96,32.24,28.59,2457.7,10.29,2,592.0,0.0032,0
NER_00091,Assam (Barak/Dima Hasao),24.98053,93.49237,7.3,23.68,59.83,23.27,17.37,1191.0,8.25,0,34.2,0.0016,0
NER_00092,Arunachal Pradesh,26.55469,93.3532,28.91,81.55,466.21,98.0,47.84,2948.7,11.62,0,2000.0,0.9424,1
NER_00093,Sikkim,27.72812,88.78875,4.32,218.1,572.63,98.0,29.05,1835.6,1.34,0,295.1,0.9997,1
NER_00094,Nagaland,26.5543,94.78922,25.35,167.62,454.31,98.0,45.81,1529.7,26.96,3,585.8,0.9991,1
NER_00095,Assam (Barak/Dima Hasao),25.50407,93.08613,39.7,98.52,548.95,98.0,27.15,977.3,7.42,3,13.4,0.9972,1
NER_00096,Manipur,24.3183,94.62955,21.0,21.0,74.97,58.28,27.54,1357.9,23.41,0,150.0,0.0107,0
NER_00097,Meghalaya,25.43742,89.88456,9.36,201.7,544.93,98.0,47.61,1078.0,8.4,3,37.0,0.9997,1
NER_00098,Meghalaya,25.1171,90.44696,35.86,42.42,179.71,76.15,22.56,1960.4,7.51,1,374.2,0.1571,0
NER_00099,Meghalaya,25.19977,92.51544,24.08,153.33,291.59,78.91,30.65,1358.4,5.8,0,38.7,0.9675,0
NER_00100,Meghalaya,25.95806,91.43225,20.93,98.99,465.29,95.04,28.73,1508.0,0.2,3,11.1,0.9957,1
NER_00101,Mizoram,23.80565,92.95391,3.72,4.38,46.75,44.34,31.98,553.9,3.23,0,197.4,0.0087,0
NER_00102,Manipur,23.91989,94.39714,4.34,12.88,59.35,28.87,20.76,1187.6,0.36,0,10.7,0.003,0
NER_00103,Mizoram,22.64389,93.23457,19.97,113.94,574.36,98.0,42.55,1372.8,2.55,3,143.6,0.9996,1
NER_00104,Nagaland,26.64207,94.68145,33.94,163.71,331.63,88.03,47.74,1977.9,13.82,1,96.9,0.9972,1
NER_00105,Tripura (Jampui Hills),23.85155,91.82541,1.88,1.88,38.25,48.04,25.75,328.2,50.34,0,978.3,0.0003,0
NER_00106,Sikkim,27.15706,88.54682,37.99,142.63,444.92,98.0,38.47,2095.6,0.56,2,114.1,0.9991,1
NER_00107,Manipur,24.80597,93.71646,15.8,141.38,289.18,76.64,25.26,921.1,0.96,2,172.8,0.9615,1
NER_00108,Nagaland,26.44917,95.19739,7.89,20.26,58.05,43.37,36.5,1705.6,0.62,0,312.4,0.0202,0
NER_00109,Nagaland,26.8044,94.91759,43.89,60.22,152.72,69.59,30.1,610.3,8.12,3,177.7,0.4463,1
NER_00110,Manipur,24.9627,93.15519,1.84,1.84,58.34,35.75,29.88,524.5,10.15,1,366.5,0.0041,0
NER_00111,Arunachal Pradesh,26.885,96.47432,2.43,20.78,31.09,25.67,70.0,2094.9,11.68,0,174.7,0.0749,0
NER_00112,Mizoram,22.79966,93.32908,28.64,83.14,353.2,81.45,26.2,1811.1,2.31,2,200.1,0.9169,1
NER_00113,Manipur,24.12528,94.12406,16.03,228.42,605.38,98.0,34.67,890.3,20.61,0,498.4,0.9997,1
NER_00114,Sikkim,27.54784,88.56445,25.3,31.42,88.38,67.75,49.37,1952.8,5.28,3,288.8,0.4839,0
NER_00115,Mizoram,22.7845,92.3724,1.93,12.87,6.37,24.29,35.09,931.8,35.4,0,127.2,0.0009,0
NER_00116,Manipur,23.98394,93.52238,42.45,144.98,315.7,76.87,18.71,1467.9,2.28,3,43.5,0.9695,1
NER_00117,Nagaland,26.09527,93.47109,37.64,149.44,558.72,98.0,35.12,1153.6,2.2,1,12.5,0.9995,1
NER_00118,Sikkim,27.93189,88.38783,5.9,58.8,337.75,77.03,48.73,1765.8,11.55,1,127.9,0.9299,1
NER_00119,Meghalaya,25.2158,90.09004,4.06,105.31,153.43,73.93,31.59,577.5,6.53,1,38.9,0.7198,1
NER_00120,Tripura (Jampui Hills),24.01933,91.88936,28.89,204.59,501.76,98.0,23.87,463.4,21.43,0,124.8,0.9982,1
NER_00121,Tripura (Jampui Hills),24.31575,92.02101,0.67,0.67,28.48,47.4,19.36,150.0,7.01,3,323.0,0.0055,0
NER_00122,Mizoram,23.77564,92.90023,0.79,0.79,56.89,20.66,7.67,1469.8,7.74,3,40.0,0.0009,0
NER_00123,Manipur,24.58462,93.36701,7.98,12.97,33.65,36.74,39.13,550.0,5.1,3,324.9,0.0268,0
NER_00124,Manipur,24.67336,93.95963,16.79,123.94,584.74,98.0,27.86,524.8,16.18,2,407.0,0.9968,1
NER_00125,Nagaland,26.58811,94.63931,4.35,7.19,34.41,51.35,31.18,1068.8,5.23,1,681.4,0.0082,0
NER_00126,Arunachal Pradesh,29.36383,96.3277,30.54,122.79,243.72,81.29,40.14,2918.9,10.02,0,146.0,0.9382,1
NER_00127,Mizoram,22.53039,93.0038,31.17,188.42,220.75,70.11,24.32,640.6,0.43,1,315.9,0.9527,1
NER_00128,Assam (Barak/Dima Hasao),25.71405,93.73291,14.31,187.96,511.5,98.0,11.1,838.2,11.28,0,84.0,0.9954,1
NER_00129,Manipur,24.59398,94.50769,0.3,21.81,17.37,30.44,10.5,1199.6,14.47,3,51.5,0.0018,0
NER_00130,Arunachal Pradesh,27.35368,97.4346,26.32,40.35,143.47,60.65,41.01,2150.3,22.32,3,157.8,0.2674,1
NER_00131,Manipur,23.82676,93.6068,23.24,111.23,288.8,91.33,24.24,1675.4,1.72,2,254.5,0.9486,1
NER_00132,Mizoram,21.91776,92.66029,37.39,95.9,232.24,74.16,44.36,902.2,3.2,1,212.7,0.9189,1
NER_00133,Manipur,24.57029,93.90454,9.08,153.29,281.9,83.57,39.1,718.1,2.98,0,619.6,0.9758,1
NER_00134,Assam (Barak/Dima Hasao),25.78272,93.77792,29.99,192.16,458.64,91.05,36.26,783.2,13.97,2,285.1,0.9992,1
NER_00135,Meghalaya,25.15558,91.44295,6.82,61.22,353.63,78.36,20.27,1382.0,1.3,0,183.7,0.6203,1
NER_00136,Assam (Barak/Dima Hasao),25.43952,92.58083,2.76,14.46,2.72,22.23,22.93,150.0,10.28,1,423.8,0.0009,0
NER_00137,Meghalaya,25.98752,91.21621,3.59,9.36,53.48,52.1,35.82,1341.8,1.16,2,326.7,0.0402,0
NER_00138,Meghalaya,25.71446,91.78538,2.18,178.77,308.98,80.3,37.52,835.3,3.42,0,192.6,0.9922,1
NER_00139,Nagaland,26.03341,94.66628,3.71,211.92,586.39,98.0,27.19,1679.3,2.09,1,42.1,0.9997,1
NER_00140,Sikkim,27.26473,88.06056,41.98,113.77,386.66,88.37,27.49,1838.6,8.92,3,70.2,0.9858,1
NER_00141,Manipur,24.7574,93.52067,36.99,82.9,177.36,67.05,33.86,505.9,3.07,1,279.1,0.5583,1
NER_00142,Manipur,24.98939,93.76896,21.95,108.67,205.82,70.07,35.48,150.0,22.72,2,385.2,0.6995,0
NER_00143,Tripura (Jampui Hills),23.74097,91.93521,15.51,134.25,339.04,84.7,23.14,425.7,4.97,0,133.0,0.9465,1
NER_00144,Arunachal Pradesh,26.77739,95.84751,31.62,186.38,542.32,98.0,45.2,2715.5,8.96,2,517.1,0.9997,1
NER_00145,Arunachal Pradesh,27.40956,96.95396,3.17,17.39,42.23,28.38,43.39,2852.3,10.82,2,350.9,0.0163,0
NER_00146,Nagaland,25.88519,94.31394,7.31,11.74,50.38,32.97,30.56,1740.9,5.75,1,26.0,0.0084,0
NER_00147,Mizoram,23.82726,92.21946,31.18,143.2,283.78,83.31,18.74,1025.8,10.18,0,54.6,0.8849,1
NER_00148,Tripura (Jampui Hills),24.46651,92.18502,36.02,221.3,495.26,98.0,17.16,357.6,12.68,0,318.5,0.9982,1
NER_00149,Sikkim,27.92298,88.0669,26.17,48.98,177.41,72.91,39.18,2085.2,0.2,0,249.0,0.4642,0
NER_00150,Tripura (Jampui Hills),24.15928,91.80944,24.82,128.0,472.04,98.0,24.76,196.6,0.2,2,191.8,0.9962,1
NER_00151,Manipur,24.00333,93.17337,31.95,98.94,311.65,85.97,31.49,1310.2,5.98,3,77.8,0.9702,1
NER_00152,Meghalaya,25.68836,92.37466,25.0,53.56,308.5,79.81,31.61,1410.7,3.81,1,14.4,0.7939,1
NER_00153,Meghalaya,25.90531,92.55746,4.34,17.11,16.82,43.03,34.46,2253.8,9.43,1,79.1,0.0134,0
NER_00154,Arunachal Pradesh,26.54697,92.74295,37.88,142.51,554.76,98.0,52.29,3183.7,13.76,4,88.9,0.9997,1
NER_00155,Meghalaya,25.55071,92.72297,0.24,9.92,46.41,29.57,29.77,1804.6,14.59,0,366.3,0.0019,0
NER_00156,Tripura (Jampui Hills),23.72814,92.13182,16.2,70.45,133.53,63.28,23.19,418.2,7.05,1,369.8,0.1302,0
NER_00157,Manipur,25.20535,93.57002,31.4,57.16,289.14,78.73,28.72,1125.3,2.95,1,78.6,0.7183,1
NER_00158,Meghalaya,25.63723,92.15332,29.62,238.36,377.6,89.72,33.13,1441.3,4.27,2,322.6,0.9996,1
NER_00159,Manipur,24.0638,93.54204,35.13,71.63,212.6,67.77,24.75,1106.2,4.56,1,165.5,0.3936,1
NER_00160,Nagaland,25.21218,94.05181,2.4,16.28,35.66,41.11,31.7,1712.9,15.86,1,140.8,0.0078,0
NER_00161,Tripura (Jampui Hills),23.81418,92.37874,22.83,99.61,497.03,98.0,12.62,925.6,9.5,1,214.4,0.9597,1
NER_00162,Mizoram,23.43979,92.85475,45.41,80.55,422.33,97.13,25.27,740.3,24.46,1,308.1,0.9011,1
NER_00163,Nagaland,25.63564,94.55146,38.66,128.99,573.16,98.0,26.14,1347.1,0.61,8,163.1,0.9997,1
NER_00164,Arunachal Pradesh,28.6049,96.37378,36.19,152.85,436.3,89.47,25.41,2106.9,0.93,0,273.2,0.9912,1
NER_00165,Assam (Barak/Dima Hasao),24.94832,92.63805,38.59,119.19,454.99,98.0,5.28,866.0,6.53,2,62.4,0.9672,1
NER_00166,Sikkim,27.53105,88.26589,20.46,191.46,455.96,98.0,41.35,2118.9,14.24,2,107.1,0.9997,1
NER_00167,Meghalaya,25.37024,92.23056,1.28,6.1,10.47,39.59,40.29,1983.3,8.35,2,44.9,0.0197,0
NER_00168,Mizoram,23.97417,92.95571,13.38,111.65,143.65,68.98,41.58,1427.8,4.03,2,536.6,0.8161,1
NER_00169,Meghalaya,25.61961,92.19851,22.6,232.33,403.36,91.48,23.64,1312.3,1.76,0,277.7,0.9986,1
NER_00170,Tripura (Jampui Hills),24.11736,92.28824,38.75,83.71,196.08,64.49,22.77,508.2,7.63,0,36.0,0.2862,0
NER_00171,Assam (Barak/Dima Hasao),25.635,93.30473,11.92,52.54,212.52,74.3,14.8,964.8,6.17,4,667.3,0.2501,0
NER_00172,Sikkim,27.53307,88.17562,4.52,11.1,10.04,47.86,27.52,1816.9,8.47,1,169.2,0.0072,0
NER_00173,Sikkim,27.30234,88.48385,40.7,40.7,419.5,98.0,45.7,2417.4,10.85,2,199.5,0.981,1
NER_00174,Sikkim,27.836,88.39723,0.81,0.81,15.77,23.04,39.86,2612.7,10.65,2,71.1,0.0064,0
NER_00175,Meghalaya,25.79807,90.51084,12.97,46.33,169.31,69.65,36.46,905.6,3.45,2,250.4,0.4652,1
NER_00176,Manipur,24.41494,94.2673,50.69,231.62,615.18,98.0,31.05,1022.8,15.62,8,284.3,0.9997,1
NER_00177,Manipur,25.13271,93.23884,21.88,157.29,469.81,98.0,32.81,1380.4,2.28,3,124.7,0.9994,1
NER_00178,Assam (Barak/Dima Hasao),25.52186,92.88952,3.67,18.32,43.86,43.25,31.32,1103.6,24.01,0,10.0,0.0055,0
NER_00179,Meghalaya,25.81611,90.99315,43.78,44.38,457.97,98.0,28.64,2131.7,5.46,0,83.4,0.9324,1
NER_00180,Sikkim,27.05054,88.56356,7.28,10.69,59.74,50.88,38.85,2138.0,21.21,0,152.4,0.0137,0
NER_00181,Nagaland,25.36801,93.98483,0.73,18.88,25.75,23.33,46.56,1792.6,8.37,0,245.6,0.0093,0
NER_00182,Meghalaya,25.21943,90.47857,22.3,44.74,106.61,57.51,31.48,1350.6,9.52,3,1109.0,0.0598,0
NER_00183,Nagaland,25.44683,94.76957,40.29,161.25,389.3,89.04,30.85,1504.2,39.63,0,189.0,0.9656,1
NER_00184,Manipur,25.5478,94.10894,6.33,8.79,25.76,28.67,22.11,1199.2,18.15,0,32.9,0.001,0
NER_00185,Mizoram,23.33883,92.92001,41.64,131.49,390.78,91.42,17.8,765.1,9.38,3,268.5,0.9791,1
NER_00186,Mizoram,23.18671,92.33529,3.3,3.3,51.65,32.79,32.89,663.0,6.01,5,1083.5,0.0091,0
NER_00187,Tripura (Jampui Hills),24.45445,92.26222,4.01,12.67,37.71,34.54,20.03,748.8,2.43,0,15.6,0.0028,0
NER_00188,Meghalaya,25.67648,91.41297,42.45,88.52,382.42,92.6,32.35,1496.0,0.66,4,915.4,0.9788,1
NER_00189,Meghalaya,25.37915,91.11246,27.38,27.38,357.12,88.21,38.36,1314.8,2.24,4,30.8,0.9595,1
NER_00190,Sikkim,27.18022,88.85771,6.17,6.72,53.18,21.03,39.28,1508.1,10.21,0,33.9,0.0048,0
NER_00191,Nagaland,26.14294,93.7996,4.17,4.17,9.44,51.3,32.73,2055.3,5.48,1,14.3,0.015,0
NER_00192,Meghalaya,25.30556,91.32647,31.3,224.51,640.38,98.0,30.03,2167.1,2.24,1,120.7,0.9997,1
NER_00193,Assam (Barak/Dima Hasao),25.11432,92.84757,1.32,1.32,13.39,21.61,30.82,572.8,13.99,1,31.8,0.0018,0
NER_00194,Tripura (Jampui Hills),24.36603,92.26412,2.95,18.49,14.56,54.02,18.58,757.8,4.88,1,86.2,0.0077,0
NER_00195,Mizoram,23.8044,92.85587,19.76,171.03,205.35,69.91,31.46,981.0,21.55,0,195.0,0.8603,1
NER_00196,Nagaland,25.38711,94.30665,29.55,222.29,656.07,98.0,26.27,1534.6,0.49,8,310.9,0.9997,1
NER_00197,Arunachal Pradesh,27.87537,95.9874,17.46,164.05,252.87,82.1,32.67,2369.3,8.11,1,224.1,0.976,1
NER_00198,Arunachal Pradesh,27.45417,93.13174,30.4,119.86,332.79,86.46,25.45,2840.1,12.11,1,42.2,0.9448,0
NER_00199,Mizoram,23.07498,92.75602,9.86,63.38,478.84,98.0,32.35,1060.7,13.19,0,304.9,0.9546,1
NER_00200,Sikkim,27.7449,88.23415,9.41,118.96,510.71,98.0,15.04,2300.3,4.15,1,344.7,0.9841,1
NER_00201,Mizoram,22.23986,93.18841,0.55,0.55,3.87,35.52,21.18,1605.9,8.28,1,74.9,0.0018,0
NER_00202,Arunachal Pradesh,26.86758,97.15368,50.14,111.0,300.27,80.18,61.41,2884.2,4.54,2,171.4,0.9962,1
NER_00203,Mizoram,23.58292,92.79867,54.69,194.37,336.49,81.54,39.66,1538.4,0.73,1,135.9,0.9982,1
NER_00204,Sikkim,28.08834,88.70372,13.61,55.46,228.95,79.36,30.85,2588.3,5.3,4,174.5,0.8005,1
NER_00205,Tripura (Jampui Hills),24.02943,92.26011,7.97,22.93,3.35,27.68,10.48,1680.6,0.84,2,77.5,0.0017,0
NER_00206,Assam (Barak/Dima Hasao),25.29673,93.67491,0.71,0.71,42.03,39.73,23.94,890.2,7.18,3,299.0,0.0063,0
NER_00207,Mizoram,24.07541,93.17248,19.48,19.48,264.58,75.59,25.37,1691.3,1.54,0,14.5,0.2694,0
NER_00208,Manipur,24.44744,93.31943,21.34,39.96,306.79,88.83,33.86,338.0,0.49,0,304.9,0.7435,1
NER_00209,Meghalaya,25.4029,90.76781,49.15,174.12,457.01,98.0,38.19,2042.0,4.59,2,167.0,0.9995,1
NER_00210,Arunachal Pradesh,27.16971,95.0337,7.95,23.72,23.5,53.78,45.48,2905.5,9.33,0,326.3,0.0392,1
NER_00211,Arunachal Pradesh,29.26311,97.30519,48.92,236.04,341.58,92.66,44.11,3107.9,22.08,0,342.0,0.999,1
NER_00212,Arunachal Pradesh,27.83989,93.09127,48.88,179.83,645.93,98.0,49.48,2600.4,2.37,0,10.0,0.9997,1
NER_00213,Assam (Barak/Dima Hasao),25.29172,93.02549,3.06,194.82,239.85,73.62,31.54,150.0,6.9,2,63.9,0.9891,1
NER_00214,Assam (Barak/Dima Hasao),25.02527,92.605,4.86,10.78,39.22,35.2,28.22,1782.4,3.3,8,559.3,0.0448,0
NER_00215,Arunachal Pradesh,27.11665,92.63991,26.17,26.17,313.46,75.05,33.11,2391.5,10.47,0,82.7,0.4441,1
NER_00216,Arunachal Pradesh,26.51145,92.02577,8.12,234.84,477.94,98.0,47.65,2099.0,5.24,0,58.0,0.9997,1
NER_00217,Nagaland,25.36405,94.33384,5.27,65.9,216.76,80.56,25.09,1831.3,3.69,1,76.4,0.5708,0
NER_00218,Meghalaya,25.17714,90.83137,6.94,10.47,32.13,36.62,8.89,1126.3,7.13,1,459.4,0.0007,0
NER_00219,Tripura (Jampui Hills),23.79885,92.03688,3.59,3.69,56.96,53.22,21.45,515.5,6.77,1,211.9,0.0072,0
NER_00220,Mizoram,24.002,92.35142,6.45,6.45,54.65,22.35,6.21,1752.4,4.57,8,246.7,0.0051,0
NER_00221,Assam (Barak/Dima Hasao),25.57288,93.69927,2.81,2.81,8.98,40.39,5.0,639.8,0.2,2,221.4,0.0011,0
NER_00222,Meghalaya,25.93244,91.48805,3.99,124.26,428.29,95.95,37.95,1594.7,6.14,0,132.3,0.9945,1
NER_00223,Assam (Barak/Dima Hasao),24.8543,93.7454,16.86,198.91,365.29,92.04,28.95,605.6,10.96,4,568.3,0.9983,1
NER_00224,Meghalaya,25.97525,90.48387,35.09,35.09,263.86,71.86,27.37,2027.1,11.9,0,326.2,0.1928,0
NER_00225,Arunachal Pradesh,28.96305,94.59162,0.72,0.72,11.57,49.29,47.71,2786.9,5.65,0,476.4,0.0178,0
NER_00226,Tripura (Jampui Hills),23.55056,92.01623,3.57,6.05,29.33,53.62,26.53,720.5,4.99,1,641.2,0.0061,0
NER_00227,Arunachal Pradesh,27.53275,96.52592,1.77,19.5,12.86,27.88,50.19,2559.0,0.76,0,12.7,0.0267,0
NER_00228,Assam (Barak/Dima Hasao),25.51859,93.71048,5.59,5.59,36.5,44.95,40.94,1342.8,5.14,0,47.5,0.0196,0
NER_00229,Nagaland,25.96285,94.0153,37.1,38.02,298.2,83.88,32.21,1322.8,5.03,2,434.8,0.7058,0
NER_00230,Arunachal Pradesh,28.18437,95.06264,52.47,77.3,402.55,91.43,39.21,3194.7,5.26,0,80.9,0.9738,1
NER_00231,Mizoram,24.23919,93.16652,3.35,24.94,15.57,33.59,25.26,1375.0,8.64,2,319.4,0.0051,0
NER_00232,Mizoram,22.79223,93.05604,31.59,53.25,379.17,83.93,18.47,977.8,5.17,5,111.0,0.9086,1
NER_00233,Tripura (Jampui Hills),23.62794,91.95519,18.28,94.94,459.83,98.0,25.47,150.0,1.62,2,102.2,0.9904,1
NER_00234,Nagaland,26.03477,93.52378,30.08,41.96,378.27,92.74,27.16,2035.5,6.95,2,159.8,0.8788,1
NER_00235,Manipur,24.06099,93.36053,5.05,19.47,29.25,26.19,18.17,1380.5,18.97,1,95.1,0.0011,0
NER_00236,Sikkim,27.49726,88.18844,24.74,112.59,335.82,84.82,39.74,1681.5,1.38,3,378.3,0.9898,1
NER_00237,Arunachal Pradesh,29.35021,96.85204,7.44,212.32,382.76,84.78,42.12,2621.2,0.2,0,330.7,0.9991,1
NER_00238,Nagaland,25.50064,94.8653,7.21,24.89,20.56,32.57,32.77,1816.5,10.41,1,103.1,0.0081,0
NER_00239,Assam (Barak/Dima Hasao),24.82677,92.81405,5.12,19.8,22.51,46.99,30.17,723.9,0.2,1,32.9,0.0207,0
NER_00240,Sikkim,27.72817,88.58821,35.41,49.45,392.29,89.75,51.66,2275.7,4.31,1,198.1,0.9814,1
NER_00241,Nagaland,26.32104,94.63138,6.22,12.44,36.54,49.1,47.57,753.1,5.73,2,83.1,0.0904,0
NER_00242,Arunachal Pradesh,28.61031,93.27211,46.27,166.12,604.21,98.0,51.4,3054.2,1.86,4,100.3,0.9997,1
NER_00243,Manipur,25.60395,94.40315,6.51,6.6,3.0,50.59,40.86,1391.4,18.81,2,152.5,0.0191,0
NER_00244,Arunachal Pradesh,28.90479,93.37624,3.5,4.26,21.45,41.76,41.71,2421.7,11.36,0,477.6,0.0068,0
NER_00245,Meghalaya,25.43536,90.82817,10.84,109.89,538.65,98.0,38.87,1665.2,4.88,3,292.7,0.999,1
NER_00246,Manipur,23.99705,94.64021,40.55,209.08,635.06,98.0,38.72,584.1,4.61,2,377.6,0.9997,1
NER_00247,Tripura (Jampui Hills),24.4204,91.86776,4.52,19.19,34.6,54.23,17.66,664.9,2.43,0,304.8,0.0053,0
NER_00248,Arunachal Pradesh,28.0573,95.62945,48.45,48.45,450.34,98.0,34.94,2311.8,10.38,1,272.4,0.9572,1
NER_00249,Tripura (Jampui Hills),24.35187,92.32165,14.45,159.75,371.22,92.18,19.1,1014.8,2.2,5,12.9,0.9974,1
NER_00250,Tripura (Jampui Hills),23.58802,92.09907,43.96,138.55,540.21,98.0,9.8,1628.3,10.94,0,129.1,0.9837,1
NER_00251,Mizoram,23.60195,92.74745,2.91,15.0,43.0,35.84,27.06,796.2,13.57,3,100.9,0.0096,0
NER_00252,Mizoram,21.90571,92.62617,5.94,12.31,49.31,34.32,44.15,721.0,6.35,1,28.1,0.0274,0
NER_00253,Mizoram,22.38761,93.31626,33.21,223.49,630.35,98.0,17.98,854.3,12.16,2,28.5,0.9997,1
NER_00254,Tripura (Jampui Hills),23.95739,92.15359,43.4,146.65,592.62,98.0,5.0,572.8,0.2,2,201.4,0.9959,1
NER_00255,Manipur,23.99675,94.18354,2.74,6.21,23.87,30.3,20.61,823.0,17.06,1,234.8,0.001,0
NER_00256,Manipur,24.58422,94.26003,4.99,15.81,12.05,30.17,23.09,1096.7,9.67,3,311.1,0.0037,0
NER_00257,Manipur,25.66454,94.17016,37.36,123.08,409.87,92.65,20.42,1557.5,9.48,0,30.7,0.9644,1
NER_00258,Nagaland,26.77946,94.10253,38.22,191.74,664.33,98.0,39.26,1515.2,3.84,0,14.6,0.9997,1
NER_00259,Mizoram,23.85934,92.23877,6.27,14.03,14.26,47.96,32.56,1272.8,16.2,2,500.3,0.0084,0
NER_00260,Sikkim,28.01913,88.3488,48.12,154.63,536.04,98.0,34.15,3251.3,3.0,1,10.0,0.9994,1
NER_00261,Arunachal Pradesh,28.76532,94.77969,4.11,4.67,10.43,33.2,29.6,2181.4,26.66,0,48.8,0.0012,0
NER_00262,Nagaland,25.43412,94.40957,26.44,26.44,476.01,98.0,34.75,1858.2,9.89,0,41.7,0.9342,1
NER_00263,Arunachal Pradesh,26.71864,95.74609,48.82,105.77,293.0,78.17,33.11,1609.3,5.88,3,43.4,0.9639,1
NER_00264,Arunachal Pradesh,27.58239,92.81067,49.94,165.51,396.06,87.26,42.18,2108.2,45.55,3,992.6,0.9853,1
NER_00265,Arunachal Pradesh,27.64412,96.27724,3.89,12.86,30.52,30.38,33.78,2833.1,10.3,0,181.9,0.004,0
NER_00266,Arunachal Pradesh,28.04168,97.18927,3.39,19.34,51.9,23.64,46.53,3096.4,6.18,0,16.9,0.0175,0
NER_00267,Assam (Barak/Dima Hasao),25.70519,93.81565,32.47,193.7,474.84,98.0,43.55,745.5,4.92,0,22.9,0.9997,1
NER_00268,Nagaland,25.93374,94.15714,0.36,1.58,44.76,49.69,28.52,1697.1,3.95,0,10.0,0.0094,0
NER_00269,Meghalaya,25.36085,91.85764,41.58,50.17,179.11,69.31,26.26,1198.1,20.9,1,431.7,0.1015,0
NER_00270,Manipur,24.36631,94.59656,3.53,3.53,2.51,33.79,11.24,1884.7,8.35,5,10.0,0.0032,0
NER_00271,Meghalaya,25.37422,92.04489,12.3,64.68,470.31,98.0,28.1,1701.8,4.26,2,179.6,0.9801,1
NER_00272,Sikkim,27.93653,88.83913,19.54,178.26,427.49,98.0,48.0,2184.1,6.38,0,17.4,0.9996,1
NER_00273,Meghalaya,25.91011,90.75336,2.26,86.17,308.91,84.18,41.48,872.7,2.92,1,208.4,0.9585,1
NER_00274,Mizoram,23.75172,92.96901,7.77,189.32,438.46,96.35,28.58,1572.3,9.1,0,163.5,0.9979,1
NER_00275,Manipur,25.49346,93.35358,42.77,197.84,488.35,96.62,25.05,1042.1,10.4,4,473.6,0.9995,1
NER_00276,Sikkim,27.60675,88.48912,3.72,18.33,17.46,37.86,48.17,2196.4,11.94,1,63.2,0.0306,0
NER_00277,Sikkim,27.72895,88.76318,53.29,228.46,555.2,98.0,42.32,1682.5,1.45,1,147.7,0.9997,1
NER_00278,Mizoram,23.87983,92.4781,4.11,221.53,648.23,98.0,19.69,1173.7,8.84,1,391.9,0.9997,1
NER_00279,Meghalaya,25.73336,91.36412,6.68,9.13,39.2,38.08,40.2,733.9,2.44,1,47.7,0.0233,0
NER_00280,Mizoram,23.24257,92.62348,36.1,52.26,116.95,59.8,37.01,858.7,5.26,2,174.2,0.2891,0
NER_00281,Meghalaya,25.695,91.04384,8.78,107.45,247.1,76.8,37.62,1305.2,9.0,1,223.4,0.8981,1
NER_00282,Manipur,24.99613,93.07054,40.14,141.81,180.19,64.47,25.26,1040.5,2.39,0,793.9,0.5266,1
NER_00283,Tripura (Jampui Hills),24.10653,92.08285,1.34,15.58,30.65,44.0,13.75,320.4,4.23,0,218.5,0.002,0
NER_00284,Meghalaya,25.30683,90.95639,34.58,36.67,280.81,80.82,32.73,1608.8,15.71,1,136.1,0.5233,1
NER_00285,Meghalaya,25.18387,91.77818,38.98,109.65,533.32,98.0,41.15,1112.3,0.2,4,283.7,0.9995,1
NER_00286,Assam (Barak/Dima Hasao),25.29072,93.62647,4.79,22.75,5.03,39.03,33.17,1387.9,6.87,1,73.4,0.0117,0
NER_00287,Sikkim,27.78006,88.71048,36.53,96.51,196.16,67.36,28.62,2023.3,0.2,2,291.0,0.6942,1
NER_00288,Assam (Barak/Dima Hasao),25.59054,93.35663,54.39,140.8,388.49,84.0,33.05,729.3,1.82,1,203.9,0.9911,1
NER_00289,Manipur,25.4245,94.18671,38.94,91.15,368.91,83.83,20.72,1094.0,9.61,0,60.3,0.8268,1
NER_00290,Manipur,24.5393,94.14458,40.4,98.44,402.5,97.89,33.61,398.3,5.1,2,23.1,0.9922,1
NER_00291,Nagaland,26.48089,94.4352,0.27,20.1,17.16,40.98,31.16,2198.4,8.18,1,56.3,0.0108,0
NER_00292,Mizoram,23.49949,93.00883,12.62,165.67,378.13,96.0,24.42,828.7,29.72,0,80.7,0.977,1
NER_00293,Meghalaya,25.92726,91.44878,23.41,231.69,466.33,98.0,30.28,893.8,7.0,0,422.5,0.9995,1
NER_00294,Meghalaya,25.55285,90.8199,27.63,114.62,314.31,86.74,32.16,1756.0,2.38,1,394.2,0.958,1
NER_00295,Arunachal Pradesh,29.38372,94.25309,14.19,238.69,573.31,98.0,30.4,2729.9,0.22,0,17.5,0.9997,1
NER_00296,Sikkim,27.7709,88.23701,32.41,85.62,213.98,75.58,58.56,2106.3,11.05,0,202.2,0.9287,1
NER_00297,Mizoram,23.1974,92.4396,50.1,50.1,128.11,57.06,28.33,391.2,1.85,0,71.8,0.103,0
NER_00298,Sikkim,27.93281,88.33408,23.09,186.96,446.97,98.0,26.14,1858.4,17.03,1,80.3,0.9978,1
NER_00299,Manipur,23.90288,94.43869,26.38,234.71,578.92,98.0,16.88,1167.8,5.58,1,289.9,0.9997,1
NER_00300,Meghalaya,25.39289,91.63833,39.14,127.22,251.96,81.53,30.71,1369.3,2.17,1,237.4,0.9384,1
NER_00301,Assam (Barak/Dima Hasao),25.19148,92.75184,9.73,112.25,313.65,85.39,32.01,1134.5,2.08,0,78.7,0.9532,1
NER_00302,Manipur,24.60089,93.24205,7.25,208.16,259.63,71.77,26.7,1542.3,6.11,0,166.7,0.9774,1
NER_00303,Mizoram,24.01593,92.77185,0.97,6.44,1.19,50.36,23.26,881.5,3.26,1,205.4,0.0056,0
NER_00304,Mizoram,23.39982,92.97984,4.91,11.17,4.7,36.23,5.65,933.5,2.68,0,178.6,0.0005,0
NER_00305,Manipur,25.0171,94.67142,39.65,85.53,409.39,90.17,17.08,1359.8,4.15,4,20.6,0.9702,1
NER_00306,Arunachal Pradesh,28.74369,94.62561,13.16,182.37,549.75,98.0,36.45,2369.7,15.4,0,66.8,0.9995,1
NER_00307,Meghalaya,25.15741,92.43607,48.93,49.94,374.61,88.58,30.02,1372.3,4.05,2,21.7,0.9237,1
NER_00308,Manipur,24.04943,94.50933,3.56,13.51,16.34,53.93,34.32,1680.9,15.75,0,161.6,0.0101,0
NER_00309,Manipur,24.92258,93.82178,0.72,12.04,13.63,30.78,30.37,1094.4,4.57,2,190.8,0.0066,0
NER_00310,Manipur,24.37679,93.00017,0.07,23.67,28.62,35.07,9.56,1410.0,3.37,1,10.0,0.0021,0
NER_00311,Mizoram,23.9716,92.85785,6.2,201.4,330.66,94.26,13.99,1511.4,4.6,0,313.8,0.9852,1
NER_00312,Nagaland,25.71242,94.71156,35.01,153.99,306.45,82.15,38.35,1115.0,15.36,0,85.5,0.9798,1
NER_00313,Sikkim,27.20453,88.09205,44.37,91.93,262.14,84.32,39.65,2123.7,10.39,0,40.8,0.9044,0
NER_00314,Tripura (Jampui Hills),24.19693,91.81904,15.25,55.86,488.93,98.0,33.13,922.0,1.26,0,124.6,0.9769,1
NER_00315,Mizoram,22.90047,93.36997,5.21,5.21,23.35,52.77,30.97,1223.0,1.78,2,24.7,0.0265,0
NER_00316,Sikkim,27.8192,88.49462,3.47,24.33,14.16,20.53,67.05,2529.8,2.84,1,13.4,0.1049,0
NER_00317,Meghalaya,25.45623,90.52927,5.49,6.22,30.0,31.84,39.16,1917.6,9.39,2,42.1,0.0138,0
NER_00318,Sikkim,27.06575,88.58012,3.51,18.92,48.33,26.75,35.69,1986.8,1.08,0,999.9,0.0031,0
NER_00319,Arunachal Pradesh,28.6732,93.00418,26.82,137.31,312.97,84.48,26.8,3207.2,6.55,1,168.4,0.9631,1
NER_00320,Manipur,23.93087,93.27905,47.41,56.75,95.17,57.02,26.01,1399.9,3.66,0,254.0,0.0588,0
NER_00321,Assam (Barak/Dima Hasao),25.06582,93.45651,51.7,163.25,212.95,67.68,17.44,772.8,2.66,1,97.2,0.8426,1
NER_00322,Sikkim,27.22229,88.43683,4.85,6.4,21.98,22.48,47.53,2502.6,14.48,2,186.5,0.0108,0
NER_00323,Mizoram,23.60495,93.31408,0.47,20.55,47.65,41.59,34.99,809.0,8.15,1,340.1,0.0146,0
NER_00324,Meghalaya,25.85101,90.03381,52.22,162.8,449.31,92.95,34.32,1873.2,0.85,0,121.7,0.9981,1
NER_00325,Arunachal Pradesh,28.52348,95.7153,7.47,13.35,35.99,51.59,37.87,2431.8,12.58,1,175.6,0.0229,0
NER_00326,Arunachal Pradesh,29.03456,93.97406,21.08,138.8,503.86,98.0,43.87,2099.0,3.13,0,197.2,0.999,1
NER_00327,Assam (Barak/Dima Hasao),24.80027,92.54853,5.37,5.37,18.89,53.02,23.65,820.8,1.16,4,10.0,0.0293,0
NER_00328,Manipur,23.97915,93.82867,13.52,143.36,429.44,98.0,31.93,1360.8,17.63,0,74.0,0.9925,1
NER_00329,Tripura (Jampui Hills),24.32571,92.21376,32.66,32.66,87.82,50.51,23.72,150.0,7.24,0,328.1,0.0134,0
NER_00330,Assam (Barak/Dima Hasao),25.38313,93.71496,0.33,9.56,18.29,38.9,28.41,540.6,8.46,2,10.0,0.0086,0
NER_00331,Mizoram,22.29831,93.00836,19.82,191.93,288.54,71.45,53.95,1182.4,11.18,1,23.6,0.9979,1
NER_00332,Nagaland,25.35314,94.25346,4.9,4.9,36.96,28.62,37.25,1531.5,1.16,1,167.3,0.009,0
NER_00333,Assam (Barak/Dima Hasao),25.25278,93.79379,20.45,20.45,187.62,71.5,19.3,1254.9,4.41,0,96.7,0.0678,0
NER_00334,Tripura (Jampui Hills),24.12318,92.06428,34.91,181.41,320.78,89.16,25.83,466.3,9.25,0,325.9,0.9831,1
NER_00335,Arunachal Pradesh,28.58139,92.16767,40.69,73.2,320.56,83.8,55.62,2518.4,1.88,1,57.0,0.9865,1
NER_00336,Sikkim,27.41427,88.81544,5.53,119.62,574.95,98.0,31.18,2148.5,0.5,0,298.1,0.9974,1
NER_00337,Arunachal Pradesh,29.09285,91.61447,30.17,85.98,506.03,98.0,30.78,2989.5,2.1,1,938.9,0.9797,1
NER_00338,Tripura (Jampui Hills),24.06069,92.22748,18.02,168.97,358.89,98.0,39.71,823.5,2.91,1,341.0,0.9982,1
NER_00339,Sikkim,27.68837,88.79081,6.65,216.86,542.48,98.0,37.37,2767.2,0.24,1,82.2,0.9997,1
NER_00340,Mizoram,22.98507,92.88748,1.62,14.53,41.04,24.83,23.03,1354.3,7.44,1,35.3,0.0027,0
NER_00341,Manipur,24.61712,94.6362,46.49,176.87,289.73,80.51,29.65,520.1,6.66,0,17.6,0.9824,1
NER_00342,Assam (Barak/Dima Hasao),26.14567,92.92469,44.6,44.6,86.39,46.08,25.74,729.5,8.1,2,41.2,0.0462,0
NER_00343,Mizoram,23.45054,92.47709,22.54,161.15,273.94,74.92,33.61,1226.6,12.11,0,467.9,0.937,1
NER_00344,Assam (Barak/Dima Hasao),25.87035,92.52102,47.96,223.6,697.13,98.0,24.88,698.6,10.85,8,354.5,0.9997,1
NER_00345,Arunachal Pradesh,29.10032,96.82552,30.42,226.31,513.68,98.0,28.01,2904.3,7.49,3,318.4,0.9997,1
NER_00346,Meghalaya,25.50645,92.28103,4.61,131.13,444.92,98.0,21.1,2677.6,5.85,1,332.2,0.987,1
NER_00347,Assam (Barak/Dima Hasao),26.03816,93.58315,0.72,11.59,38.77,37.52,22.78,985.3,2.79,4,292.8,0.0117,0
NER_00348,Manipur,24.54683,93.58223,39.71,87.92,409.78,98.0,37.78,1168.6,18.15,4,535.4,0.9887,1
NER_00349,Tripura (Jampui Hills),24.13407,91.85118,19.77,24.88,131.78,53.05,32.55,429.1,29.57,2,43.6,0.0391,0
NER_00350,Manipur,24.10804,93.26029,52.9,55.66,490.0,98.0,28.35,971.1,2.95,2,810.8,0.9587,1
NER_00351,Tripura (Jampui Hills),24.35541,92.1261,14.97,32.87,332.91,85.32,20.34,1427.6,2.17,1,161.4,0.5537,1
NER_00352,Mizoram,22.02719,92.37791,24.1,222.09,274.15,81.15,28.59,1110.2,15.38,2,455.1,0.9924,1
NER_00353,Manipur,25.63596,94.3488,0.52,18.96,50.6,36.48,40.1,1031.0,11.71,0,569.5,0.0078,0
NER_00354,Nagaland,25.79258,94.08614,34.05,34.73,390.56,95.18,36.87,1568.4,0.48,1,970.0,0.8594,1
NER_00355,Nagaland,25.9687,94.91082,44.82,179.07,433.05,98.0,34.29,2022.4,7.81,4,238.2,0.9996,1
NER_00356,Mizoram,21.90411,92.22878,35.79,90.1,372.29,87.9,25.63,1058.7,15.07,3,1723.7,0.7312,1
NER_00357,Mizoram,23.69404,92.5053,52.89,104.11,390.13,93.43,36.93,1339.8,6.39,2,30.2,0.9924,1
NER_00358,Tripura (Jampui Hills),24.41616,92.27835,41.36,191.4,407.68,89.38,14.86,320.5,7.89,4,192.5,0.9971,1
NER_00359,Nagaland,26.2169,94.58858,1.66,1.66,8.96,31.87,33.35,1473.6,6.89,0,619.8,0.0017,0
NER_00360,Manipur,24.88487,93.70122,14.6,108.12,361.8,76.7,13.13,649.6,11.14,2,94.4,0.8247,1
NER_00361,Nagaland,25.51502,94.01101,3.85,3.85,20.41,50.59,41.57,1761.4,0.78,1,401.1,0.0257,0
NER_00362,Arunachal Pradesh,26.92989,96.73079,2.22,175.58,440.63,87.27,43.41,3013.1,9.03,0,322.4,0.9983,1
NER_00363,Meghalaya,25.39996,92.46756,17.19,62.22,182.47,58.46,44.23,1811.5,10.95,0,355.2,0.3408,0
NER_00364,Nagaland,25.46878,93.81991,17.01,46.85,393.81,92.93,31.88,2056.1,5.77,0,107.8,0.8893,1
NER_00365,Meghalaya,25.38024,92.47673,34.38,34.38,240.74,79.35,29.19,1367.4,0.24,4,12.9,0.766,1
NER_00366,Tripura (Jampui Hills),24.11632,91.98746,6.5,11.64,7.91,52.19,11.99,859.8,8.89,1,909.4,0.001,0
NER_00367,Tripura (Jampui Hills),23.81039,92.18665,50.62,96.78,209.28,64.51,7.04,646.7,23.57,0,565.1,0.0424,0
NER_00368,Arunachal Pradesh,27.85985,91.68158,43.66,43.66,119.98,60.68,33.73,2657.5,4.95,0,365.2,0.0944,0
NER_00369,Nagaland,26.15894,94.06155,43.57,198.13,494.07,98.0,27.35,1023.3,6.35,5,121.1,0.9997,1
NER_00370,Arunachal Pradesh,28.13358,92.91693,45.57,119.15,398.94,98.0,40.11,2462.6,21.37,1,166.7,0.9909,1
NER_00371,Meghalaya,25.71696,91.58922,44.92,145.67,515.42,98.0,52.11,1551.4,8.28,0,61.4,0.9996,1
NER_00372,Manipur,24.66065,93.52471,7.49,16.99,55.11,45.12,20.67,810.8,1.84,3,89.1,0.0182,0
NER_00373,Meghalaya,25.62445,91.63447,0.02,0.02,33.6,23.84,14.58,1349.2,15.31,0,578.4,0.0003,0
NER_00374,Sikkim,27.25877,88.632,3.08,11.87,11.29,52.36,31.8,2415.8,3.86,1,196.9,0.0159,0
NER_00375,Manipur,24.34809,94.57092,1.1,24.37,8.15,48.21,28.97,1143.4,8.36,0,540.5,0.0054,0
NER_00376,Assam (Barak/Dima Hasao),25.67255,93.13615,39.74,127.09,486.0,98.0,9.19,1090.0,3.89,0,138.2,0.9719,1
NER_00377,Sikkim,28.07606,88.51133,6.23,24.59,59.02,36.27,58.42,2145.2,5.26,2,38.3,0.1922,1
NER_00378,Meghalaya,25.32071,91.69199,2.57,218.31,489.07,97.32,27.77,1093.3,9.22,1,216.7,0.9995,1
NER_00379,Tripura (Jampui Hills),24.07397,91.99891,15.8,83.42,466.68,96.48,5.04,1480.8,2.79,0,296.9,0.8284,1
NER_00380,Nagaland,26.65601,94.4862,2.75,78.22,494.25,98.0,26.42,1461.9,5.64,3,81.4,0.9915,1
NER_00381,Manipur,25.52925,94.33014,54.16,133.66,178.55,73.01,23.33,776.6,1.54,3,67.4,0.8913,1
NER_00382,Tripura (Jampui Hills),24.25276,92.04777,1.36,1.36,15.86,21.84,17.53,163.4,10.36,0,215.5,0.0004,0
NER_00383,Tripura (Jampui Hills),23.80137,92.24769,51.14,210.81,246.15,68.37,28.86,607.5,3.82,2,160.9,0.9894,1
NER_00384,Arunachal Pradesh,29.38529,95.59726,2.14,21.46,20.1,23.44,61.45,2827.9,8.12,5,141.3,0.1845,0
NER_00385,Assam (Barak/Dima Hasao),25.44555,93.44541,0.07,7.83,0.63,22.38,24.69,1346.4,11.77,1,283.1,0.001,0
NER_00386,Meghalaya,25.71695,90.85455,33.77,216.14,343.71,95.32,30.94,1098.9,0.28,2,14.6,0.9994,1
NER_00387,Manipur,24.51432,94.37494,26.03,163.61,227.68,65.1,43.69,668.4,1.63,0,50.9,0.9751,0
NER_00388,Assam (Barak/Dima Hasao),25.76911,93.43461,45.08,239.09,385.3,92.07,24.88,443.9,12.14,0,16.1,0.9986,1
NER_00389,Mizoram,23.48678,92.41413,0.58,17.89,6.2,40.0,33.07,977.3,11.71,0,257.7,0.0049,0
NER_00390,Tripura (Jampui Hills),23.51876,92.09862,39.5,103.05,134.72,61.0,20.25,590.4,0.31,1,41.1,0.3436,0
NER_00391,Tripura (Jampui Hills),23.93606,92.30643,7.48,12.05,34.03,32.56,23.05,150.0,6.21,0,770.6,0.0011,0
NER_00392,Assam (Barak/Dima Hasao),24.87727,93.89582,4.44,7.25,12.19,53.86,18.83,445.6,15.36,0,460.0,0.0016,0
NER_00393,Nagaland,26.45259,95.00328,33.43,58.45,412.33,92.68,29.21,1223.9,0.71,2,332.3,0.9523,1
NER_00394,Nagaland,26.09943,95.13341,5.23,10.14,12.7,38.31,35.22,1894.7,0.2,0,103.0,0.0093,0
NER_00395,Manipur,25.208,93.41937,2.76,69.6,391.56,95.55,6.28,1686.6,5.37,0,594.3,0.5239,0
NER_00396,Nagaland,26.67733,93.48486,12.74,153.52,211.92,65.47,21.91,1011.2,0.53,3,30.3,0.9267,1
NER_00397,Assam (Barak/Dima Hasao),25.25393,93.86619,9.49,90.49,174.82,64.73,38.6,556.9,14.48,3,361.2,0.6886,1
NER_00398,Arunachal Pradesh,28.16022,94.13197,0.05,0.39,29.22,26.28,44.32,2548.1,0.84,3,237.0,0.0221,0
NER_00399,Nagaland,25.9492,94.83408,3.99,226.07,530.81,98.0,36.95,892.0,1.85,2,185.1,0.9997,1
NER_00400,Nagaland,25.82614,93.30868,6.16,13.49,13.16,43.08,44.59,1518.0,6.04,0,112.3,0.0218,0
NER_00401,Mizoram,22.19297,92.37906,15.32,96.94,221.26,62.4,34.48,1689.5,5.51,0,639.9,0.4852,0
NER_00402,Tripura (Jampui Hills),23.54332,92.24425,2.61,18.04,35.56,26.96,24.99,486.9,12.32,1,30.8,0.003,0
NER_00403,Arunachal Pradesh,27.19019,92.1608,25.1,146.65,201.1,70.58,42.92,2891.4,4.26,0,554.9,0.9207,1
NER_00404,Arunachal Pradesh,26.90921,95.81893,26.3,45.71,458.96,90.03,54.06,1864.1,1.81,0,294.6,0.987,1
NER_00405,Arunachal Pradesh,27.15956,93.27097,29.65,66.68,281.95,81.1,50.85,3193.0,24.42,4,215.8,0.9553,1
NER_00406,Tripura (Jampui Hills),23.77917,92.23801,2.27,48.52,336.68,81.65,15.21,573.9,3.17,1,556.0,0.3876,0
NER_00407,Sikkim,28.0904,88.66013,41.91,126.44,193.83,66.47,28.52,2188.8,4.01,3,298.2,0.8523,1
NER_00408,Arunachal Pradesh,27.38737,95.38584,0.61,0.61,27.29,50.6,33.39,2985.0,2.91,2,487.8,0.0146,0
NER_00409,Arunachal Pradesh,28.38043,95.72341,34.46,184.4,528.52,98.0,47.55,3162.0,3.89,2,189.2,0.9997,1
NER_00410,Mizoram,23.948,92.29715,2.77,2.77,21.94,32.79,40.76,755.8,0.45,5,280.7,0.0436,0
NER_00411,Meghalaya,25.60468,92.12073,6.03,21.78,42.17,46.63,37.24,1676.0,6.21,2,334.3,0.0347,0
NER_00412,Nagaland,26.10642,94.10357,49.67,134.68,536.1,98.0,43.19,1629.6,4.82,1,442.3,0.9991,1
NER_00413,Meghalaya,25.26952,92.45194,9.98,40.21,136.78,64.01,34.56,1739.7,1.58,5,20.0,0.5874,1
NER_00414,Sikkim,27.32249,88.87262,14.31,29.16,451.47,98.0,33.37,2145.2,3.41,1,258.7,0.9412,1
NER_00415,Arunachal Pradesh,28.46728,96.22095,43.83,217.11,385.04,91.85,37.8,2010.0,6.04,1,153.1,0.9994,1
NER_00416,Arunachal Pradesh,29.41217,96.1185,6.71,7.13,58.39,44.25,50.03,2709.4,4.87,0,644.7,0.0256,0
NER_00417,Manipur,24.10638,93.21045,1.18,16.64,58.68,35.7,39.76,1079.5,4.65,1,57.4,0.026,0
NER_00418,Nagaland,25.41868,93.34736,5.18,13.65,30.44,30.34,48.97,1212.8,23.62,4,42.4,0.0376,0
NER_00419,Manipur,25.31919,94.31138,2.92,2.92,1.49,27.71,35.23,929.4,0.95,1,10.2,0.0061,0
NER_00420,Arunachal Pradesh,26.6651,95.34788,6.63,115.23,447.43,95.41,36.48,2458.1,21.95,0,10.0,0.9878,1
NER_00421,Sikkim,27.99929,88.32496,6.64,234.94,658.38,98.0,37.56,2669.2,3.69,1,83.7,0.9997,1
NER_00422,Tripura (Jampui Hills),24.24153,92.04937,9.61,202.99,502.06,98.0,14.96,684.6,10.42,4,326.0,0.9992,1
NER_00423,Arunachal Pradesh,26.69835,97.26057,9.26,174.81,544.67,98.0,67.38,2606.6,4.21,4,133.8,0.9997,1
NER_00424,Assam (Barak/Dima Hasao),25.20525,93.18682,17.91,193.02,292.34,75.56,27.37,445.7,7.04,1,336.6,0.9819,1
NER_00425,Nagaland,25.95088,94.23458,31.98,182.75,474.23,98.0,25.11,1385.9,1.02,0,1293.3,0.9939,1
NER_00426,Tripura (Jampui Hills),24.47426,92.29097,20.94,118.73,460.71,98.0,9.78,1064.8,0.2,0,217.9,0.9609,1
NER_00427,Arunachal Pradesh,26.64614,93.24998,18.76,52.61,227.78,70.8,44.78,2497.2,1.72,2,361.7,0.7815,0
NER_00428,Nagaland,25.68863,94.62614,50.81,190.23,405.63,95.5,27.77,1876.1,3.47,0,36.8,0.9979,1
NER_00429,Mizoram,23.96728,92.87039,0.93,10.43,54.96,24.59,35.39,834.5,14.97,2,302.9,0.0056,0
NER_00430,Arunachal Pradesh,27.43472,93.67541,0.72,0.72,48.87,49.99,21.36,2943.4,7.28,2,104.7,0.0081,0
NER_00431,Mizoram,22.69931,92.45181,3.74,112.03,230.39,72.02,12.75,1617.7,11.52,0,10.0,0.3975,0
NER_00432,Sikkim,27.51599,88.81768,37.54,147.21,267.22,79.82,45.35,2291.0,0.2,0,33.0,0.9896,1
NER_00433,Nagaland,26.90782,93.96089,13.5,145.08,181.37,71.75,35.92,1751.2,10.43,0,211.1,0.8619,1
NER_00434,Nagaland,25.50919,94.73263,37.7,172.08,285.39,86.66,49.46,1517.5,20.64,4,476.5,0.9977,1
NER_00435,Assam (Barak/Dima Hasao),25.09998,92.81858,0.32,17.62,33.43,31.48,34.66,1627.2,1.06,0,36.5,0.0096,0
NER_00436,Nagaland,26.0225,94.69873,44.53,207.77,640.41,98.0,51.93,1204.4,2.05,1,1049.3,0.9997,1
NER_00437,Arunachal Pradesh,27.03789,97.49234,7.39,105.14,400.89,98.0,37.76,2609.9,4.61,2,22.2,0.9955,1
NER_00438,Mizoram,22.78044,92.91395,6.32,14.55,16.38,42.53,18.76,1404.4,14.57,2,81.6,0.0036,0
NER_00439,Tripura (Jampui Hills),24.16668,92.37008,3.58,66.93,521.02,98.0,19.73,1077.3,1.28,1,32.6,0.975,1
NER_00440,Meghalaya,25.54832,89.88025,3.94,16.53,31.2,36.31,37.28,1891.7,3.17,0,244.0,0.0104,0
NER_00441,Tripura (Jampui Hills),23.99025,91.957,18.67,220.86,423.49,91.86,10.1,1259.5,6.33,5,10.0,0.9992,1
NER_00442,Nagaland,26.79246,93.61187,26.9,139.6,412.33,96.31,42.0,1186.1,3.94,2,210.3,0.9986,1
NER_00443,Manipur,24.7627,93.70449,21.33,21.33,71.64,48.81,5.0,1135.5,7.68,1,951.7,0.0011,0
NER_00444,Arunachal Pradesh,27.64172,94.06889,34.11,34.11,373.71,89.58,54.05,3011.7,0.46,0,66.8,0.9719,1
NER_00445,Manipur,23.83745,93.58701,3.02,14.7,59.15,33.66,10.58,1294.1,6.72,4,77.5,0.0048,0
NER_00446,Tripura (Jampui Hills),23.60006,92.20507,46.91,113.1,366.73,91.22,14.53,1005.5,11.58,0,238.5,0.8473,1
NER_00447,Nagaland,25.67728,93.86491,32.02,148.17,301.18,77.12,18.23,852.9,7.84,5,316.2,0.971,1
NER_00448,Assam (Barak/Dima Hasao),25.09363,93.61391,26.02,105.52,416.75,95.28,19.58,473.8,13.04,1,194.1,0.9492,1
NER_00449,Manipur,24.896,93.38332,32.0,188.05,413.23,92.65,22.34,1740.1,5.04,4,190.2,0.9988,1
NER_00450,Mizoram,22.84711,92.37729,1.61,1.61,12.21,48.83,38.01,1693.1,2.86,1,95.9,0.02,0
NER_00451,Nagaland,26.43634,93.74865,50.0,238.04,457.95,98.0,35.37,1727.4,0.22,3,93.0,0.9997,1
NER_00452,Nagaland,26.38561,93.63437,49.73,150.36,570.59,98.0,41.86,2118.8,5.32,0,490.8,0.9993,1
NER_00453,Arunachal Pradesh,28.51502,96.81432,32.76,42.14,371.04,90.48,28.27,3062.0,14.8,0,211.6,0.6862,1
NER_00454,Meghalaya,25.31427,90.16683,11.28,110.15,205.07,65.42,21.15,1524.7,7.02,1,345.0,0.4562,0
NER_00455,Tripura (Jampui Hills),23.90838,92.31774,43.57,70.43,225.41,75.53,30.43,770.0,9.62,0,197.3,0.4801,1
NER_00456,Nagaland,25.23793,95.13693,2.47,5.99,33.16,53.55,43.07,895.8,8.68,5,293.3,0.1186,0
NER_00457,Meghalaya,25.58142,90.50915,17.76,225.67,596.17,98.0,21.34,1353.0,25.9,4,625.0,0.9997,1
NER_00458,Manipur,25.54019,94.13643,3.3,23.51,28.27,49.44,39.16,631.1,4.17,0,503.3,0.0198,0
NER_00459,Meghalaya,25.84196,91.89545,21.15,21.15,74.6,47.9,23.63,1385.2,7.37,3,334.6,0.0209,0
NER_00460,Assam (Barak/Dima Hasao),25.08011,92.92777,23.75,44.27,341.58,84.88,12.38,577.7,2.3,2,364.8,0.5034,0
NER_00461,Tripura (Jampui Hills),23.97837,92.2411,52.07,55.93,480.3,98.0,19.08,1208.7,14.03,3,55.4,0.9541,1
NER_00462,Mizoram,24.2578,93.36895,35.04,35.04,230.6,80.04,25.74,1398.6,1.48,1,140.0,0.4005,1
NER_00463,Assam (Barak/Dima Hasao),25.8827,93.7996,3.06,6.66,44.79,35.1,28.9,337.0,2.03,0,729.9,0.0024,0
NER_00464,Mizoram,24.48754,92.53956,21.59,153.98,592.28,98.0,25.86,826.4,4.2,0,85.7,0.9988,1
NER_00465,Manipur,25.45574,94.75392,51.35,140.32,193.78,70.33,18.87,879.0,3.87,1,227.3,0.7135,1
NER_00466,Arunachal Pradesh,29.49022,97.13593,21.66,83.06,290.68,86.16,53.9,2489.5,11.03,0,73.1,0.9705,1
NER_00467,Nagaland,25.50576,94.2364,28.46,85.49,555.82,98.0,32.7,1261.1,0.75,2,141.8,0.9971,1
NER_00468,Nagaland,26.54608,95.05985,54.71,215.85,387.85,91.79,31.22,2301.3,7.59,2,76.5,0.9993,1
NER_00469,Tripura (Jampui Hills),23.55322,91.88917,2.85,23.18,2.45,44.82,14.86,613.6,2.41,2,143.4,0.0053,0
NER_00470,Tripura (Jampui Hills),23.61249,92.23186,5.31,20.56,33.79,27.43,22.41,821.7,1.82,0,450.4,0.0018,0
NER_00471,Sikkim,27.57862,88.51371,22.89,168.3,504.58,98.0,44.69,2061.6,11.7,2,545.9,0.9996,1
NER_00472,Meghalaya,25.85328,90.26133,16.31,16.31,482.7,98.0,46.81,1767.6,8.62,1,776.4,0.9517,1
NER_00473,Manipur,24.2016,93.08763,53.15,104.74,214.85,67.31,25.58,881.0,0.46,0,758.6,0.4219,0
NER_00474,Meghalaya,25.11846,90.42467,50.85,195.25,556.4,98.0,25.02,1661.7,8.33,5,41.8,0.9997,1
NER_00475,Meghalaya,25.84885,91.33796,3.47,20.27,36.83,34.91,25.04,569.1,5.18,1,137.5,0.0059,0
NER_00476,Arunachal Pradesh,29.41982,95.55864,44.48,120.35,185.98,60.99,43.22,2220.5,21.35,1,260.5,0.739,1
NER_00477,Manipur,25.1002,93.54074,26.63,129.9,345.76,84.79,28.08,1522.6,6.72,1,623.1,0.9488,1
NER_00478,Meghalaya,25.79178,89.84881,40.38,173.49,344.76,80.81,15.81,1373.4,12.34,3,11.6,0.9831,1
NER_00479,Tripura (Jampui Hills),24.12381,91.95904,30.32,211.11,288.96,82.16,37.83,431.8,1.66,0,343.6,0.9963,1
NER_00480,Tripura (Jampui Hills),23.96016,92.04305,37.78,170.4,633.81,98.0,20.16,238.1,10.35,0,419.3,0.9983,1
NER_00481,Meghalaya,25.21258,89.84163,35.18,161.19,387.3,92.29,33.23,1446.3,28.19,3,58.7,0.9955,1
NER_00482,Tripura (Jampui Hills),23.64817,92.05313,17.63,116.14,255.32,82.85,14.33,1242.0,10.74,1,165.9,0.6939,0
NER_00483,Assam (Barak/Dima Hasao),24.87129,92.51102,27.84,139.72,300.57,74.41,14.29,288.1,31.09,3,334.0,0.7362,1
NER_00484,Tripura (Jampui Hills),23.73191,91.83642,2.92,2.92,37.36,35.69,21.05,1120.5,6.45,0,261.2,0.0016,0
NER_00485,Manipur,24.34722,93.34596,8.95,204.56,530.19,98.0,29.41,938.3,1.98,4,103.6,0.9997,1
NER_00486,Assam (Barak/Dima Hasao),26.14372,93.66631,37.35,78.55,445.72,98.0,17.19,173.1,12.72,3,465.3,0.9406,1
NER_00487,Meghalaya,25.81413,92.62916,47.55,167.31,275.93,78.26,36.35,1107.6,6.51,8,111.1,0.9989,1
NER_00488,Meghalaya,25.40396,90.14191,7.17,19.25,33.42,49.87,33.69,1908.5,5.33,8,384.1,0.1781,0
NER_00489,Meghalaya,25.73576,92.5799,45.65,190.99,647.31,98.0,22.8,1568.4,14.74,0,28.0,0.9995,1
NER_00490,Mizoram,24.26856,92.38844,46.98,90.29,182.28,72.08,31.11,1087.1,5.64,2,26.1,0.7409,1
NER_00491,Assam (Barak/Dima Hasao),25.87691,92.50922,1.96,10.38,37.77,46.36,29.18,359.7,2.7,0,77.3,0.0098,0
NER_00492,Mizoram,22.25879,92.71459,5.74,11.06,46.21,38.11,46.74,778.9,24.27,1,286.6,0.013,0
NER_00493,Arunachal Pradesh,27.44441,97.39167,1.45,1.45,37.9,43.11,43.64,2722.3,11.39,2,256.4,0.0238,0
NER_00494,Nagaland,25.95475,94.98299,1.17,22.51,36.62,34.14,29.43,725.1,10.23,0,105.5,0.0051,0
NER_00495,Tripura (Jampui Hills),24.19747,92.3326,8.68,178.15,541.17,98.0,21.81,200.7,1.76,0,10.0,0.9989,1
NER_00496,Nagaland,26.1384,94.73839,0.88,18.16,59.22,22.1,34.63,1551.0,12.74,1,69.1,0.0061,0
NER_00497,Arunachal Pradesh,26.87144,96.03936,39.88,182.8,474.51,98.0,43.81,3007.2,6.8,0,103.5,0.9996,1
NER_00498,Mizoram,22.81088,92.54144,45.61,88.77,380.83,89.24,33.09,581.4,8.93,2,183.3,0.9712,1
NER_00499,Assam (Barak/Dima Hasao),24.91473,92.58707,15.98,131.76,339.41,82.06,27.13,1097.8,4.73,1,186.8,0.9646,1
NER_00500,Assam (Barak/Dima Hasao),26.19512,93.46463,29.2,117.99,583.6,98.0,37.82,541.1,4.32,0,176.2,0.9986,1
NER_00501,Sikkim,27.82115,88.84966,21.69,24.06,123.05,68.78,35.48,1528.6,7.36,1,32.2,0.172,0
NER_00502,Nagaland,25.72917,93.35316,2.11,56.19,419.04,93.5,44.82,2047.4,4.38,4,91.0,0.9944,1
NER_00503,Tripura (Jampui Hills),24.07306,92.13946,3.6,12.62,27.66,35.72,19.01,1165.0,5.16,2,232.7,0.0035,0
NER_00504,Arunachal Pradesh,26.76794,95.24862,0.71,11.08,16.64,25.8,32.8,2317.6,18.44,0,11.7,0.0021,0
NER_00505,Nagaland,26.20988,93.53519,49.53,57.61,301.74,80.02,28.76,1256.5,7.71,1,13.6,0.7302,1
NER_00506,Manipur,25.62852,93.49493,28.05,87.1,382.1,95.02,32.64,1823.8,14.61,1,22.1,0.9656,1
NER_00507,Sikkim,27.94561,88.28564,23.59,35.17,203.22,71.85,34.69,2191.1,0.84,0,38.9,0.375,1
NER_00508,Arunachal Pradesh,27.04437,95.7798,1.92,22.49,3.11,40.9,40.78,2774.2,1.23,4,74.6,0.0817,0
NER_00509,Assam (Barak/Dima Hasao),26.1291,92.877,0.47,0.47,33.24,23.55,19.24,1211.6,0.54,0,251.0,0.0008,0
NER_00510,Manipur,24.37876,93.73214,3.39,19.55,32.25,51.9,39.05,1386.0,1.82,5,116.8,0.1764,0
NER_00511,Sikkim,27.89391,88.865,54.96,71.45,407.45,95.79,28.49,1799.6,1.47,0,637.2,0.9101,1
NER_00512,Nagaland,25.28187,94.70445,34.35,77.88,302.26,79.64,29.8,1188.0,4.02,0,37.6,0.8059,0
NER_00513,Arunachal Pradesh,29.15179,97.17245,19.41,62.39,523.94,98.0,25.41,1761.9,9.84,0,271.4,0.9537,1
NER_00514,Tripura (Jampui Hills),23.50428,91.80575,30.55,212.26,535.33,98.0,17.52,835.5,9.54,1,124.7,0.9992,1
NER_00515,Tripura (Jampui Hills),24.17225,92.0118,0.21,0.21,27.76,35.56,26.48,150.0,3.54,0,365.2,0.0021,0
NER_00516,Sikkim,27.83426,88.6125,3.95,235.53,700.81,98.0,36.51,1947.7,13.55,2,413.1,0.9997,1
NER_00517,Sikkim,27.2157,88.73901,4.52,14.14,40.94,22.29,38.63,1558.3,6.74,1,200.6,0.0073,0
NER_00518,Meghalaya,25.21469,92.60069,34.57,233.21,568.19,98.0,43.04,1907.8,10.44,0,470.4,0.9997,1
NER_00519,Tripura (Jampui Hills),23.50195,92.05627,28.27,42.39,305.62,80.19,13.94,150.0,15.39,0,465.0,0.132,0
NER_00520,Sikkim,27.30573,88.37806,24.46,180.92,651.07,98.0,37.71,2161.4,1.73,0,212.1,0.9997,1
NER_00521,Mizoram,22.41188,92.59507,1.98,23.38,50.43,36.58,41.64,1415.6,0.23,1,10.0,0.0453,0
NER_00522,Sikkim,27.9038,88.46771,43.09,43.09,511.62,98.0,38.29,2355.1,7.33,1,25.1,0.9856,1
NER_00523,Manipur,23.9178,94.4443,34.72,206.23,416.99,97.36,41.17,1617.2,4.52,0,14.4,0.9996,1
NER_00524,Sikkim,27.49875,88.41779,7.72,131.37,425.89,98.0,26.73,2443.0,0.85,2,281.6,0.9949,1
NER_00525,Mizoram,24.25136,92.35118,24.92,24.92,112.37,58.22,31.1,825.7,5.25,2,51.4,0.105,0
NER_00526,Arunachal Pradesh,27.43356,96.81133,5.04,146.95,482.18,93.38,42.81,2377.0,2.95,0,115.0,0.9988,1
NER_00527,Assam (Barak/Dima Hasao),25.28134,93.86712,6.82,11.69,41.54,39.81,23.24,579.8,0.57,0,161.4,0.0045,0
NER_00528,Nagaland,25.95365,93.60833,14.67,66.81,377.58,92.81,30.34,823.1,0.34,0,10.0,0.9383,1
NER_00529,Arunachal Pradesh,28.92181,93.75547,35.46,47.04,275.22,82.06,28.36,3038.6,0.2,0,110.7,0.5999,0
NER_00530,Mizoram,22.41434,92.40898,3.11,204.65,644.44,98.0,25.57,1679.0,3.32,1,49.2,0.9997,1
NER_00531,Assam (Barak/Dima Hasao),25.71682,93.73902,35.03,133.56,523.12,98.0,20.74,983.5,4.87,1,116.4,0.9954,1
NER_00532,Manipur,25.31031,93.34503,30.38,153.61,268.7,80.6,33.74,820.7,7.32,5,70.1,0.9945,1
NER_00533,Arunachal Pradesh,27.24151,95.27675,4.92,19.62,47.46,25.86,41.12,2804.3,5.68,1,167.8,0.0145,0
NER_00534,Arunachal Pradesh,27.99576,94.2856,32.95,105.21,549.75,98.0,38.2,2948.3,9.49,2,170.7,0.9983,1
NER_00535,Mizoram,22.92934,92.5672,20.63,33.91,263.93,72.48,31.44,1598.5,21.93,1,199.9,0.2621,0
NER_00536,Tripura (Jampui Hills),24.01226,92.00182,6.02,114.38,263.91,80.07,10.87,728.6,3.66,1,79.7,0.6963,1
NER_00537,Meghalaya,25.80729,92.57982,38.23,83.11,480.12,98.0,27.64,1525.4,0.31,0,54.7,0.9835,1
NER_00538,Manipur,25.69697,94.35429,4.64,10.1,24.35,42.94,26.73,219.1,0.2,0,431.9,0.0043,0
NER_00539,Manipur,25.44439,93.40964,6.55,198.24,381.54,93.78,26.97,829.3,2.13,1,201.1,0.9981,1
NER_00540,Assam (Barak/Dima Hasao),25.09342,93.12996,20.01,197.34,602.77,98.0,16.15,388.2,6.89,0,717.7,0.9982,1
NER_00541,Assam (Barak/Dima Hasao),25.86798,93.46673,6.39,24.86,34.09,51.98,20.33,1256.3,6.71,0,37.5,0.0079,0
NER_00542,Assam (Barak/Dima Hasao),26.17224,92.78589,7.53,216.32,288.28,78.39,15.4,1063.8,1.67,0,210.7,0.9778,1
NER_00543,Tripura (Jampui Hills),23.52684,91.9194,19.32,97.95,132.92,58.34,19.25,935.3,1.84,0,185.8,0.1649,0
NER_00544,Assam (Barak/Dima Hasao),25.01985,92.65504,39.61,61.28,285.77,72.57,14.0,646.4,0.57,5,501.9,0.6103,0
NER_00545,Mizoram,23.20644,93.0218,7.03,13.15,54.62,36.11,31.93,1192.2,1.23,0,127.4,0.0092,0
NER_00546,Meghalaya,25.35912,92.44298,4.38,4.38,14.95,45.66,33.09,802.3,9.95,0,237.4,0.0054,0
NER_00547,Manipur,25.12719,93.17196,40.51,165.0,225.03,70.59,31.79,1062.1,17.34,0,535.4,0.8416,0
NER_00548,Tripura (Jampui Hills),23.91128,92.25712,4.37,52.09,175.41,73.08,26.25,864.8,11.26,1,378.0,0.1874,0
NER_00549,Tripura (Jampui Hills),23.88116,92.24757,5.62,183.45,431.59,92.83,22.15,848.0,0.2,0,622.6,0.9936,1
NER_00550,Mizoram,23.75531,92.72527,10.93,42.93,406.58,93.43,22.84,1259.1,1.41,3,233.5,0.92,1
NER_00551,Tripura (Jampui Hills),23.85809,91.93,7.18,16.03,42.98,33.67,18.81,1185.8,1.95,2,452.7,0.0034,0
NER_00552,Sikkim,27.65803,88.0438,21.29,21.29,57.84,54.28,40.9,2007.3,2.3,4,55.8,0.2176,0
NER_00553,Meghalaya,25.29851,92.44686,12.05,88.61,371.53,91.25,36.93,678.9,1.47,0,134.3,0.9722,1
NER_00554,Meghalaya,25.30917,90.11766,35.07,163.04,318.35,83.98,42.84,1369.1,8.49,0,59.8,0.9937,1
NER_00555,Mizoram,22.96885,93.12105,19.19,71.69,144.32,58.94,5.0,1203.3,9.97,3,638.5,0.0358,0
NER_00556,Manipur,24.43089,94.14364,35.95,146.63,348.7,83.93,21.46,1361.0,15.26,1,102.0,0.9547,1
NER_00557,Sikkim,27.25587,88.55471,10.04,99.27,262.74,76.92,44.17,1992.3,10.71,2,241.7,0.9479,1
NER_00558,Tripura (Jampui Hills),24.23926,91.99721,46.89,79.9,120.56,66.54,22.4,499.0,11.43,1,949.3,0.0729,0
NER_00559,Mizoram,22.43513,92.26489,5.04,13.04,11.01,22.26,53.35,609.6,12.93,2,62.9,0.0235,0
NER_00560,Mizoram,22.03548,93.39042,26.75,129.17,350.98,88.82,34.32,1121.6,1.53,1,396.5,0.9851,1
NER_00561,Mizoram,22.68806,92.89171,24.4,99.99,341.81,85.34,35.12,1462.8,15.87,1,754.1,0.8914,1
NER_00562,Assam (Barak/Dima Hasao),25.86445,93.64745,5.81,14.88,9.17,29.01,24.49,673.0,3.84,3,355.6,0.0046,0
NER_00563,Tripura (Jampui Hills),23.78323,92.13729,21.84,208.87,567.54,98.0,11.96,643.2,10.04,0,619.6,0.9974,1
NER_00564,Arunachal Pradesh,27.65211,93.34686,4.06,4.06,45.78,46.99,47.27,2753.3,17.3,8,33.2,0.2776,0
NER_00565,Arunachal Pradesh,28.02883,94.43173,22.76,22.76,418.67,88.09,41.73,2367.2,8.42,4,332.6,0.9619,1
NER_00566,Manipur,24.29653,93.81985,50.59,188.47,508.45,98.0,25.11,821.9,7.37,5,460.5,0.9997,1
NER_00567,Mizoram,24.17762,92.39899,50.99,180.14,548.74,98.0,37.17,649.9,5.56,1,544.3,0.9996,1
NER_00568,Meghalaya,25.67256,92.13007,2.08,237.08,634.46,98.0,29.21,1584.1,11.05,4,126.9,0.9997,1
NER_00569,Nagaland,26.51948,93.62421,5.13,198.23,311.77,87.94,40.9,1059.6,1.77,0,741.5,0.996,1
NER_00570,Mizoram,22.57431,93.28273,20.13,99.99,254.53,70.65,19.38,1504.5,7.83,3,45.4,0.7558,1
NER_00571,Meghalaya,25.10856,90.59824,7.7,9.39,31.2,29.3,26.74,1968.6,12.46,0,59.3,0.002,0
NER_00572,Arunachal Pradesh,28.31311,93.5193,48.27,152.43,621.32,98.0,38.3,2447.8,3.03,0,112.0,0.9997,1
NER_00573,Sikkim,27.50261,88.62848,21.53,172.33,569.11,98.0,35.08,1373.2,1.2,2,508.1,0.9997,1
NER_00574,Assam (Barak/Dima Hasao),25.72432,92.50438,1.87,18.4,40.68,36.96,15.06,150.0,3.11,2,516.7,0.0027,0
NER_00575,Meghalaya,25.4135,92.61725,48.1,151.61,501.99,98.0,15.62,1824.4,8.59,2,26.5,0.9961,1
NER_00576,Sikkim,27.14065,88.71714,14.77,41.03,369.22,91.3,33.73,2767.3,6.37,3,46.0,0.9463,1
NER_00577,Meghalaya,25.19492,92.78008,5.36,16.65,57.09,43.29,46.62,2304.6,3.16,1,82.3,0.0677,0
NER_00578,Tripura (Jampui Hills),23.59044,92.21507,22.23,176.42,537.63,98.0,23.78,1242.7,11.63,2,258.2,0.9989,1
NER_00579,Assam (Barak/Dima Hasao),25.93183,92.81297,2.9,2.9,22.06,53.39,26.88,863.9,0.75,2,692.0,0.0086,0
NER_00580,Sikkim,27.34188,88.53105,3.16,3.16,39.82,23.73,41.29,2568.5,4.41,2,399.3,0.0089,0
NER_00581,Tripura (Jampui Hills),23.81593,92.28969,0.27,21.23,49.67,31.2,18.17,869.1,9.11,0,83.3,0.002,0
NER_00582,Meghalaya,25.34611,92.34301,39.99,197.3,296.01,87.27,20.64,1146.8,1.94,0,849.0,0.9692,1
NER_00583,Sikkim,28.01547,88.69843,19.85,19.85,226.38,65.85,20.85,2600.9,2.84,3,608.7,0.1253,0
NER_00584,Arunachal Pradesh,28.77314,93.84638,32.76,44.45,412.97,97.86,34.77,2543.2,9.54,0,484.9,0.8879,1
NER_00585,Tripura (Jampui Hills),24.15463,92.14629,47.38,161.53,354.53,89.59,5.0,171.2,18.2,0,407.9,0.8269,1
NER_00586,Manipur,24.51546,94.76886,2.71,2.93,30.93,35.18,25.66,880.7,0.46,1,160.6,0.0044,0
NER_00587,Assam (Barak/Dima Hasao),25.143,92.66632,0.72,24.78,40.24,36.23,17.91,955.4,7.25,0,341.8,0.002,0
NER_00588,Assam (Barak/Dima Hasao),25.1853,93.41447,20.18,20.18,308.02,80.73,20.94,899.7,0.69,1,276.3,0.3493,0
NER_00589,Manipur,24.52952,94.79992,5.61,13.44,24.32,33.78,42.72,1001.5,1.07,0,312.7,0.0126,0
NER_00590,Tripura (Jampui Hills),23.56393,92.30229,2.93,2.93,51.72,20.19,12.76,150.0,8.44,2,58.1,0.0009,0
NER_00591,Arunachal Pradesh,26.86914,92.2729,4.36,12.65,21.81,34.81,37.97,2664.4,6.61,3,10.0,0.0267,0
NER_00592,Sikkim,27.27317,88.04155,54.83,85.41,525.26,98.0,43.14,3017.3,2.78,1,37.7,0.9978,1
NER_00593,Mizoram,23.68862,92.99514,16.7,139.22,435.52,96.58,32.37,1230.4,1.22,3,60.6,0.9986,1
NER_00594,Nagaland,25.88721,95.01695,30.88,30.88,390.58,93.09,25.66,1365.0,2.35,1,296.5,0.7966,1
NER_00595,Mizoram,23.75756,92.87637,1.98,9.47,57.84,29.45,23.55,816.7,1.43,3,95.1,0.0087,0
NER_00596,Assam (Barak/Dima Hasao),24.89234,93.39625,22.07,99.86,565.81,98.0,18.72,1023.5,2.55,3,64.0,0.996,1
NER_00597,Nagaland,26.25989,94.83292,25.79,25.79,198.89,71.48,47.58,1805.8,6.79,0,79.0,0.487,1
NER_00598,Assam (Barak/Dima Hasao),25.46761,92.6786,1.32,1.32,43.53,44.76,34.79,778.6,1.35,0,119.0,0.0119,0
NER_00599,Assam (Barak/Dima Hasao),25.7895,92.75635,2.44,22.03,48.84,50.03,40.05,688.2,5.58,0,139.6,0.0362,0
NER_00600,Assam (Barak/Dima Hasao),25.87881,93.68334,44.84,79.32,527.63,98.0,21.62,630.4,2.2,0,214.1,0.974,1
NER_00601,Manipur,24.71135,93.92702,5.62,18.65,42.85,46.24,29.47,1937.1,9.58,1,239.5,0.0113,0
NER_00602,Sikkim,27.66811,88.86818,3.38,12.84,57.15,33.27,37.76,1822.4,5.93,0,19.5,0.0121,0
NER_00603,Meghalaya,25.40416,91.83719,15.5,15.5,329.53,76.05,15.45,1783.3,15.6,0,165.0,0.1036,0
NER_00604,Sikkim,28.02896,88.80324,23.31,93.69,448.78,98.0,39.79,2087.8,0.2,1,88.6,0.9957,1
NER_00605,Manipur,24.58037,94.6436,16.28,215.74,487.14,98.0,28.53,1784.6,2.3,1,117.2,0.9997,1
NER_00606,Tripura (Jampui Hills),23.66183,92.01224,49.75,103.77,468.54,98.0,12.23,752.1,16.35,0,52.5,0.9265,1
NER_00607,Nagaland,25.41383,94.22923,45.76,178.35,542.2,98.0,40.07,895.0,1.09,2,378.9,0.9997,1
NER_00608,Meghalaya,25.81344,90.17837,27.45,149.34,182.96,66.54,31.17,1455.1,9.23,0,442.7,0.7438,1
NER_00609,Manipur,25.18557,93.33635,7.46,121.63,503.85,98.0,31.66,1061.6,2.45,2,274.4,0.9977,1
NER_00610,Manipur,24.15847,94.53877,12.58,47.9,85.84,58.52,24.48,935.6,1.03,1,80.0,0.0773,0
NER_00611,Mizoram,22.47662,92.71129,7.16,17.79,14.82,26.36,23.37,1591.2,0.42,0,113.0,0.0023,1
NER_00612,Arunachal Pradesh,27.13593,94.33235,31.24,36.8,72.95,52.5,45.57,2754.7,1.63,5,113.0,0.4766,0
NER_00613,Arunachal Pradesh,27.58171,96.36021,34.63,34.63,112.49,57.34,41.47,2067.2,7.43,0,80.7,0.1338,0
NER_00614,Mizoram,22.40161,92.73492,1.02,13.34,9.22,34.64,28.44,1976.6,7.72,0,160.7,0.003,0
NER_00615,Arunachal Pradesh,29.18474,94.19089,19.92,19.92,319.54,72.58,54.47,2420.7,0.56,1,669.6,0.8075,1
NER_00616,Sikkim,28.05138,88.05471,28.99,31.87,258.86,71.47,43.76,2155.3,13.48,1,190.1,0.5618,0
NER_00617,Mizoram,22.37857,92.392,1.76,13.13,18.2,44.79,26.57,1324.1,16.91,3,151.9,0.009,0
NER_00618,Manipur,24.22547,93.96042,1.29,1.29,58.8,27.35,41.62,951.5,22.78,0,35.7,0.0042,0
NER_00619,Arunachal Pradesh,28.39805,97.33331,5.01,7.37,59.12,20.36,54.42,2163.0,17.23,0,35.9,0.0131,0
NER_00620,Nagaland,25.51812,95.14605,6.96,9.55,39.23,42.2,54.43,420.3,12.05,3,28.1,0.1182,0
NER_00621,Tripura (Jampui Hills),23.72064,91.96128,0.75,9.22,54.13,26.35,14.19,150.0,11.18,0,65.9,0.0008,0
NER_00622,Manipur,24.15883,93.88293,5.82,151.76,213.01,63.4,19.98,1025.7,0.2,0,48.9,0.7629,1
NER_00623,Assam (Barak/Dima Hasao),24.94033,93.23749,0.35,19.09,38.67,28.69,21.62,150.0,7.4,1,10.0,0.0033,0
NER_00624,Manipur,25.58334,94.07935,2.12,2.12,8.35,51.23,28.33,1047.0,12.55,1,426.3,0.0043,0
NER_00625,Nagaland,25.79716,93.59358,46.33,81.77,341.96,92.97,47.97,1711.1,7.9,0,435.6,0.97,1
NER_00626,Assam (Barak/Dima Hasao),25.33954,92.99463,1.8,12.3,59.45,53.48,39.44,542.9,9.23,2,313.7,0.0472,0
NER_00627,Meghalaya,25.65413,90.15505,9.96,149.91,485.66,98.0,51.77,2196.4,18.08,2,49.0,0.9997,1
NER_00628,Nagaland,26.32456,93.84531,6.89,19.97,47.33,54.23,40.07,1275.6,5.53,1,77.1,0.0627,0
NER_00629,Manipur,24.40849,93.70308,6.96,6.96,5.43,26.37,25.17,409.4,5.21,0,215.6,0.0013,0
NER_00630,Arunachal Pradesh,27.98262,94.38773,4.31,9.58,32.96,37.24,54.04,2507.9,8.1,0,720.7,0.017,0
NER_00631,Mizoram,22.90003,92.89716,2.91,15.64,492.9,92.41,19.58,1447.7,9.46,2,303.6,0.7906,0
NER_00632,Sikkim,28.0025,88.32477,13.17,224.55,444.04,91.24,29.88,2605.9,1.2,1,450.8,0.9994,1
NER_00633,Manipur,24.02275,94.25241,33.48,145.86,390.43,93.39,37.1,1608.8,9.53,1,13.9,0.9963,1
NER_00634,Mizoram,22.10037,92.88302,2.7,7.49,24.69,47.35,34.25,1288.8,1.61,2,344.7,0.0197,0
NER_00635,Nagaland,25.40028,93.414,39.7,228.35,462.79,95.22,30.28,1159.4,1.53,0,126.2,0.9996,1
NER_00636,Nagaland,26.47684,94.10497,11.74,154.28,282.79,78.77,48.38,2396.5,5.9,5,33.4,0.9986,1
NER_00637,Tripura (Jampui Hills),23.97742,92.19162,38.49,38.49,231.71,75.55,8.48,276.1,0.45,1,138.0,0.1248,0
NER_00638,Mizoram,22.63374,92.84988,22.28,22.28,173.41,59.9,41.13,1415.2,11.3,0,200.6,0.1325,0
NER_00639,Sikkim,27.05285,88.08389,8.86,102.89,293.02,93.26,33.41,1795.8,11.14,5,173.4,0.9869,1
NER_00640,Arunachal Pradesh,27.72186,95.94871,10.03,206.71,367.26,78.95,55.16,3030.5,1.3,1,120.4,0.9997,1
NER_00641,Mizoram,24.19945,93.16897,2.73,16.28,55.81,47.49,34.3,812.4,1.4,5,181.6,0.1079,0
NER_00642,Arunachal Pradesh,28.37041,97.14085,54.7,230.55,515.66,98.0,29.3,3211.9,9.19,0,1453.1,0.9986,1
NER_00643,Sikkim,27.15688,88.78341,16.85,225.16,327.83,82.93,15.32,1892.4,12.17,0,24.7,0.9875,1
NER_00644,Tripura (Jampui Hills),23.75794,92.08396,23.25,23.91,440.46,98.0,22.95,569.0,8.41,0,33.1,0.792,0
NER_00645,Manipur,24.63757,93.92246,7.82,24.78,2.56,22.0,22.47,855.2,0.7,1,149.5,0.0024,0
NER_00646,Sikkim,27.17002,88.09477,4.28,8.72,28.11,48.64,29.69,2565.6,15.38,0,518.2,0.0034,0
NER_00647,Manipur,25.19038,94.65143,3.81,12.16,42.14,29.74,41.6,779.9,1.78,0,95.4,0.0132,0
NER_00648,Manipur,25.60221,93.26192,1.71,19.74,58.71,27.4,30.65,1604.8,35.26,2,16.1,0.0033,0
NER_00649,Assam (Barak/Dima Hasao),25.17779,93.38996,2.08,13.12,40.18,49.07,26.95,826.0,4.15,0,311.4,0.0073,0
NER_00650,Assam (Barak/Dima Hasao),25.27883,93.55445,38.72,171.76,361.37,87.82,28.27,1068.6,4.35,1,291.9,0.9927,1
NER_00651,Mizoram,22.1023,93.00155,3.67,7.91,9.03,25.16,30.82,936.8,34.36,4,339.5,0.0019,0
NER_00652,Meghalaya,25.81282,91.82184,3.93,158.76,449.03,98.0,26.68,1348.5,35.54,5,486.7,0.9959,1
NER_00653,Mizoram,22.99246,92.8553,2.86,18.23,414.43,98.0,34.41,1536.6,3.42,5,891.6,0.9459,1
NER_00654,Tripura (Jampui Hills),24.14891,92.0736,11.38,54.56,277.33,80.77,13.57,284.8,6.26,1,362.1,0.2862,0
NER_00655,Assam (Barak/Dima Hasao),25.33419,93.68313,0.83,24.88,48.36,42.74,20.36,352.5,2.66,2,648.0,0.0064,0
NER_00656,Assam (Barak/Dima Hasao),24.94515,93.54992,6.22,21.29,12.71,39.31,15.96,397.8,8.03,1,409.8,0.0018,0
NER_00657,Tripura (Jampui Hills),24.45055,92.01037,28.9,226.41,608.4,98.0,22.73,170.1,19.09,2,383.9,0.9997,1
NER_00658,Assam (Barak/Dima Hasao),25.74262,92.50582,11.03,181.78,354.64,86.86,37.12,836.7,0.21,3,459.4,0.9985,1
NER_00659,Assam (Barak/Dima Hasao),25.13856,93.86289,11.21,158.16,627.97,98.0,28.56,1288.3,14.11,3,215.6,0.9996,1
NER_00660,Meghalaya,25.73902,90.17899,0.75,3.98,19.34,20.9,25.85,1786.1,3.98,2,621.2,0.0014,0
NER_00661,Manipur,23.85285,94.27364,14.71,157.09,348.24,85.82,35.99,1242.3,3.86,2,35.0,0.9964,1
NER_00662,Nagaland,25.54889,94.89687,47.35,47.35,87.76,57.16,32.58,782.4,3.8,0,13.3,0.0949,0
NER_00663,Meghalaya,25.19637,90.64739,5.9,125.48,165.36,63.49,28.76,1539.2,5.45,1,455.5,0.5941,0
NER_00664,Meghalaya,25.28927,91.05972,6.84,16.49,37.87,24.1,41.81,1037.9,4.8,0,88.7,0.0096,0
NER_00665,Arunachal Pradesh,27.95173,95.18403,10.07,20.18,280.47,80.31,36.94,2532.4,10.83,4,53.6,0.7906,1
NER_00666,Arunachal Pradesh,26.9157,92.00066,6.47,16.3,28.02,35.26,38.7,2525.3,2.56,0,24.1,0.0142,0
NER_00667,Mizoram,22.55024,92.43745,40.27,52.27,174.9,59.44,25.63,1560.9,26.13,0,393.9,0.0367,0
NER_00668,Tripura (Jampui Hills),23.92374,92.24825,10.86,157.36,216.28,76.8,25.06,150.0,7.48,1,209.3,0.91,1
NER_00669,Nagaland,26.28699,94.96678,13.4,56.83,197.22,66.78,37.27,1968.2,4.06,0,413.9,0.3548,0
NER_00670,Manipur,25.28108,93.22015,4.81,14.04,23.14,38.45,27.44,1153.8,3.19,1,396.5,0.0052,0
NER_00671,Nagaland,26.48928,95.09792,4.63,198.01,317.18,81.51,39.74,941.7,6.83,2,286.5,0.9978,1
NER_00672,Meghalaya,25.21168,90.31342,2.27,24.7,54.7,49.46,32.11,1217.5,6.87,0,258.0,0.017,0
NER_00673,Sikkim,27.37113,88.01465,28.17,32.95,411.52,96.15,45.83,1460.6,4.29,0,95.4,0.9641,1
NER_00674,Nagaland,26.45362,94.16371,7.57,25.76,60.44,48.88,48.67,649.1,1.04,1,240.6,0.1228,0
NER_00675,Manipur,23.96723,94.30339,4.54,213.75,263.13,68.07,40.32,1380.8,6.17,0,291.4,0.9916,1
NER_00676,Nagaland,25.79279,94.46423,49.05,208.93,577.79,98.0,37.73,1206.9,1.49,0,154.4,0.9997,1
NER_00677,Meghalaya,25.56959,90.52157,20.71,187.4,537.52,98.0,30.02,940.2,2.63,2,164.8,0.9997,1
NER_00678,Mizoram,23.61465,93.08232,7.54,199.17,313.73,84.36,30.99,1355.1,28.54,0,10.0,0.9852,1
NER_00679,Arunachal Pradesh,28.78146,93.37095,29.21,234.39,654.93,98.0,53.62,2378.3,5.62,4,61.7,0.9997,1
NER_00680,Mizoram,22.07846,92.70771,26.42,39.79,77.26,53.67,21.37,293.8,6.89,0,154.5,0.0179,0
NER_00681,Arunachal Pradesh,27.29674,97.06157,36.38,76.33,150.35,65.72,52.18,2967.2,1.31,1,177.3,0.8171,1
NER_00682,Assam (Barak/Dima Hasao),25.0715,92.76523,8.1,71.01,151.0,68.29,27.22,1037.9,7.48,1,28.9,0.3242,1
NER_00683,Meghalaya,25.34791,92.4478,1.63,12.38,10.26,42.29,24.79,1272.9,3.99,0,434.4,0.0028,0
NER_00684,Nagaland,26.52099,93.47906,11.93,85.9,147.15,62.5,26.29,879.0,5.18,0,592.9,0.1604,0
NER_00685,Manipur,25.62826,94.19886,0.24,0.24,21.13,20.04,26.34,1135.9,29.31,4,46.8,0.0016,0
NER_00686,Tripura (Jampui Hills),23.60939,92.29136,36.13,36.13,203.2,61.6,5.0,150.0,14.43,1,45.8,0.0216,0
NER_00687,Nagaland,26.39414,93.78172,3.87,21.63,50.62,29.45,39.3,774.8,2.87,0,182.4,0.0129,0
NER_00688,Sikkim,27.16269,88.36929,0.71,10.77,12.38,52.22,42.33,2438.1,3.54,0,215.4,0.0262,0
NER_00689,Meghalaya,25.96891,92.43143,22.72,167.79,597.39,98.0,60.33,1029.3,4.77,5,187.1,0.9997,1
NER_00690,Nagaland,25.75678,93.37809,7.76,19.81,17.3,37.46,26.81,1453.8,7.58,1,151.8,0.0057,0
NER_00691,Tripura (Jampui Hills),24.18092,92.11391,45.75,117.12,244.91,78.52,17.15,1095.4,1.42,1,16.7,0.7967,1
NER_00692,Arunachal Pradesh,28.48076,91.50385,2.17,3.88,5.16,54.86,49.29,2596.7,2.66,3,273.6,0.1066,0
NER_00693,Meghalaya,25.36172,89.89641,4.78,22.33,55.21,26.07,40.36,1676.1,9.08,1,127.3,0.0144,0
NER_00694,Arunachal Pradesh,28.91314,92.33506,11.72,223.6,461.12,96.57,39.22,2633.6,4.31,0,91.0,0.9997,1
NER_00695,Assam (Barak/Dima Hasao),24.93446,93.2372,50.37,231.33,468.9,98.0,20.34,305.3,9.25,1,109.3,0.9994,1
NER_00696,Manipur,24.9689,93.5443,23.36,184.95,391.65,97.98,30.54,1122.1,1.09,1,208.4,0.9985,1
NER_00697,Tripura (Jampui Hills),24.3392,91.8508,8.44,170.38,589.32,98.0,16.67,1761.1,0.91,1,431.4,0.9984,1
NER_00698,Mizoram,23.24229,92.87446,44.7,176.81,628.25,98.0,24.54,1412.1,18.03,2,42.0,0.9995,1
NER_00699,Mizoram,22.19824,92.20004,0.97,11.1,3.34,34.16,26.37,1076.7,0.82,0,160.5,0.003,0
NER_00700,Mizoram,24.08847,92.85606,36.85,56.58,454.93,98.0,35.93,655.4,15.69,2,141.6,0.9765,1
NER_00701,Tripura (Jampui Hills),23.98047,91.97367,1.19,11.6,48.81,29.92,33.01,1031.4,3.66,0,121.9,0.006,0
NER_00702,Assam (Barak/Dima Hasao),24.81543,92.92387,2.22,11.7,43.38,54.36,31.05,231.9,7.74,0,593.9,0.0081,0
NER_00703,Mizoram,22.80697,93.04747,16.75,175.92,559.93,98.0,14.95,1088.7,8.54,1,317.5,0.9975,1
NER_00704,Nagaland,26.86226,93.4296,2.07,12.67,39.53,44.42,40.51,1110.6,26.28,2,49.7,0.0179,0
NER_00705,Arunachal Pradesh,28.25348,96.47932,14.27,167.85,343.49,87.74,44.01,2640.3,10.56,0,273.6,0.9953,1
NER_00706,Meghalaya,25.90981,90.32199,42.46,205.53,268.33,71.95,12.09,1924.1,4.36,0,236.6,0.9265,1
NER_00707,Sikkim,28.01591,88.28904,12.66,113.44,272.18,82.47,35.22,1830.5,35.99,1,55.7,0.8385,1
NER_00708,Mizoram,22.12365,92.22909,2.73,14.21,51.87,43.88,44.05,1374.2,0.27,0,10.0,0.0449,0
NER_00709,Tripura (Jampui Hills),23.69014,91.92448,6.99,10.97,37.53,39.92,18.99,820.8,3.53,4,480.0,0.0072,0
NER_00710,Nagaland,25.38164,94.24755,6.98,9.76,21.47,25.53,25.63,1973.0,0.2,3,85.6,0.0066,0
NER_00711,Mizoram,24.11831,93.31817,3.59,221.41,369.79,89.37,33.57,796.2,0.47,2,29.4,0.9996,1
NER_00712,Nagaland,25.56092,94.98725,1.56,1.56,29.61,39.73,40.66,1598.6,13.58,0,354.0,0.0059,0
NER_00713,Sikkim,27.38043,88.06369,28.32,177.75,254.58,76.27,25.24,2529.5,21.2,4,162.9,0.976,1
NER_00714,Mizoram,21.95575,92.26643,6.13,13.81,3.13,44.34,38.26,1308.0,6.11,3,286.4,0.0287,0
NER_00715,Assam (Barak/Dima Hasao),25.56936,92.66182,0.08,5.95,5.52,34.46,7.74,1158.0,18.71,1,105.1,0.0004,0
NER_00716,Sikkim,28.09003,88.01341,14.94,93.68,418.52,86.24,46.4,2062.0,0.64,0,49.8,0.9919,1
NER_00717,Assam (Barak/Dima Hasao),25.47018,92.67133,39.8,220.9,350.03,95.12,30.05,890.9,6.28,1,332.2,0.9986,1
NER_00718,Mizoram,23.26979,92.52104,9.27,77.95,199.55,63.35,24.36,1047.5,0.44,4,305.6,0.6063,0
NER_00719,Mizoram,22.69284,92.86356,3.13,186.94,645.81,98.0,40.37,1648.0,12.41,0,67.0,0.9997,1
NER_00720,Nagaland,26.68892,93.46054,24.85,61.29,174.28,72.66,28.88,1400.3,5.47,3,121.4,0.5624,1
NER_00721,Nagaland,25.25635,94.74969,3.45,184.5,311.94,81.38,53.24,1162.6,11.23,0,440.3,0.9969,1
NER_00722,Sikkim,27.88814,88.49796,15.79,176.82,552.88,98.0,25.6,3087.6,2.71,8,191.3,0.9997,1
NER_00723,Tripura (Jampui Hills),24.24563,92.3548,22.91,137.13,319.02,79.74,21.06,651.6,12.86,5,22.4,0.9795,1
NER_00724,Sikkim,27.13674,88.5116,46.75,232.32,478.42,98.0,32.34,2064.7,1.58,1,144.9,0.9997,1
NER_00725,Sikkim,27.63753,88.07159,1.82,6.49,29.7,26.11,47.09,1894.7,24.51,1,74.6,0.007,0
NER_00726,Sikkim,27.25594,88.58914,53.69,229.13,705.52,98.0,42.3,2635.5,4.64,0,201.5,0.9997,1
NER_00727,Sikkim,27.66064,88.31476,36.02,200.11,417.29,97.61,39.76,2582.9,5.72,0,98.6,0.9995,1
NER_00728,Manipur,23.84692,94.09254,17.42,22.01,217.75,75.06,12.38,1936.3,18.21,1,713.9,0.0237,0
NER_00729,Mizoram,24.00089,92.81296,0.81,0.81,43.58,54.92,39.74,1291.9,6.97,0,60.5,0.025,0
NER_00730,Meghalaya,25.96276,92.77696,34.18,212.66,601.85,98.0,21.48,150.0,7.96,2,193.6,0.9997,1
NER_00731,Tripura (Jampui Hills),23.81694,91.91701,38.73,85.83,553.41,98.0,5.0,199.3,3.19,3,948.3,0.9398,1
NER_00732,Meghalaya,25.41679,91.31693,30.49,201.03,287.4,75.77,39.66,1900.5,7.44,1,135.7,0.9957,1
NER_00733,Assam (Barak/Dima Hasao),25.74375,93.43226,48.39,48.39,300.78,82.1,11.36,311.0,3.34,0,131.3,0.2816,0
NER_00734,Manipur,24.0295,93.47408,9.02,170.26,645.73,98.0,33.37,230.9,10.86,0,10.0,0.9997,1
NER_00735,Assam (Barak/Dima Hasao),26.06596,92.99611,7.95,14.79,37.0,21.58,14.61,1044.0,9.96,0,569.3,0.0004,0
NER_00736,Arunachal Pradesh,29.34976,96.96405,6.56,18.09,35.37,37.83,31.93,2118.6,4.58,2,301.1,0.0136,0
NER_00737,Sikkim,27.65291,88.33289,2.42,2.42,17.84,39.74,32.81,1884.8,4.62,1,221.7,0.0069,0
NER_00738,Assam (Barak/Dima Hasao),25.19936,93.03769,7.04,10.76,16.7,31.0,25.02,150.0,0.34,5,535.1,0.0095,0
NER_00739,Manipur,24.02525,93.49293,1.13,23.11,39.99,27.24,10.63,1411.7,2.72,4,1123.1,0.0013,0
NER_00740,Manipur,23.85197,94.62457,32.27,60.71,514.52,98.0,38.86,975.6,12.84,0,446.7,0.9757,1
NER_00741,Nagaland,26.85239,94.66088,53.33,77.65,408.57,92.8,24.15,1676.7,17.58,1,22.7,0.9119,1
NER_00742,Mizoram,23.79114,92.59254,3.47,7.87,55.48,52.63,22.77,1185.7,7.97,1,375.2,0.0067,0
NER_00743,Arunachal Pradesh,27.0712,94.84902,12.37,211.23,340.32,80.18,48.61,2121.9,23.84,2,70.6,0.999,1
NER_00744,Tripura (Jampui Hills),23.7826,91.91914,11.44,140.49,264.34,68.09,21.93,1298.0,15.57,2,10.0,0.8557,1
NER_00745,Nagaland,26.30408,94.49895,3.92,21.88,40.08,42.05,35.8,1868.7,6.05,5,525.7,0.0534,0
NER_00746,Tripura (Jampui Hills),23.79542,91.93136,52.68,110.59,219.88,68.92,38.66,403.2,11.55,1,148.2,0.8421,1
NER_00747,Manipur,25.27,93.87073,5.22,215.21,597.48,98.0,20.96,1256.3,4.25,0,86.0,0.9997,1
NER_00748,Nagaland,26.41498,94.08134,25.72,158.16,208.69,71.87,38.43,1107.7,2.42,0,166.1,0.956,1
NER_00749,Meghalaya,25.95309,91.63991,42.64,173.56,614.07,98.0,50.08,1138.3,0.2,2,405.4,0.9997,1
NER_00750,Sikkim,27.57051,88.32589,1.72,22.77,19.89,45.67,39.67,2421.6,6.14,3,65.1,0.065,0
NER_00751,Sikkim,27.93003,88.67961,3.79,157.1,496.73,98.0,27.53,2121.6,12.54,0,83.2,0.9967,1
NER_00752,Assam (Barak/Dima Hasao),24.98367,93.53674,18.32,18.32,421.93,97.72,7.52,728.9,0.61,2,359.3,0.5859,1
NER_00753,Assam (Barak/Dima Hasao),25.072,93.34797,26.98,74.46,399.68,92.4,20.97,1077.1,5.75,0,80.1,0.8797,0
NER_00754,Nagaland,26.07003,95.02456,13.88,137.98,216.72,70.23,38.85,1206.9,0.2,1,125.1,0.9541,0
NER_00755,Assam (Barak/Dima Hasao),25.87969,93.12592,51.93,141.2,264.66,75.02,19.72,777.9,2.98,0,248.5,0.8257,1
NER_00756,Tripura (Jampui Hills),24.02341,92.30379,0.91,0.91,41.34,50.5,17.91,609.3,5.44,1,337.3,0.0034,0
NER_00757,Mizoram,23.8631,93.15363,6.32,208.2,684.94,98.0,26.87,867.5,8.44,0,308.5,0.9997,1
NER_00758,Meghalaya,25.43812,92.07066,44.57,110.44,217.27,62.79,39.84,1965.5,1.45,1,893.1,0.7285,1
NER_00759,Assam (Barak/Dima Hasao),24.81296,92.66462,2.32,14.1,9.96,43.98,25.2,1388.0,16.98,0,97.3,0.0028,0
NER_00760,Arunachal Pradesh,28.05814,93.00744,2.52,132.99,536.22,98.0,41.62,1687.0,20.95,2,478.3,0.9984,1
NER_00761,Manipur,24.69394,94.78796,5.54,155.62,453.12,92.59,41.99,1121.9,1.78,0,153.4,0.9987,1
NER_00762,Sikkim,28.02067,88.24712,36.95,72.32,345.78,77.41,23.9,2546.3,7.03,0,244.9,0.659,1
NER_00763,Manipur,23.99565,93.38959,34.05,144.52,558.55,98.0,33.05,1563.8,1.08,1,258.8,0.9991,1
NER_00764,Tripura (Jampui Hills),23.70931,91.8016,15.06,15.06,80.06,58.08,16.94,631.8,21.22,2,38.7,0.0097,0
NER_00765,Tripura (Jampui Hills),23.92541,92.08301,2.54,8.87,50.32,22.74,15.07,1239.3,2.2,1,371.7,0.001,0
NER_00766,Mizoram,24.38394,93.33459,3.48,17.13,33.47,32.19,37.11,654.5,14.65,1,168.4,0.0079,0
NER_00767,Arunachal Pradesh,29.06612,96.12447,54.76,99.2,549.13,98.0,36.64,2946.1,7.68,3,633.3,0.9974,1
NER_00768,Nagaland,25.79121,95.03098,39.33,104.62,582.7,98.0,43.03,1908.2,0.2,0,260.5,0.9987,1
NER_00769,Sikkim,28.06825,88.74099,44.79,211.86,579.62,98.0,51.46,1505.6,47.12,2,168.5,0.9997,1
NER_00770,Manipur,25.14072,93.31843,2.22,7.86,51.47,49.84,28.52,1198.6,14.37,0,146.5,0.0064,0
NER_00771,Sikkim,27.36593,88.60479,18.19,18.19,347.21,80.37,34.99,2890.0,1.48,8,320.2,0.9613,1
NER_00772,Sikkim,27.07145,88.74254,41.58,128.73,236.57,73.6,23.46,2193.8,0.7,1,80.6,0.8643,1
NER_00773,Arunachal Pradesh,26.85314,94.29751,34.44,34.44,207.32,68.06,41.38,2687.4,21.31,0,625.3,0.1484,1
NER_00774,Manipur,25.2986,93.39155,42.06,217.83,333.82,86.17,25.39,1216.8,10.31,0,454.0,0.9919,1
NER_00775,Manipur,24.33003,94.01707,20.82,113.91,185.5,72.15,30.21,448.6,2.55,0,969.1,0.4939,1
NER_00776,Tripura (Jampui Hills),24.3295,92.21222,5.46,10.85,38.76,30.1,30.54,1458.4,7.04,0,210.2,0.0034,0
NER_00777,Nagaland,25.36336,94.76948,21.73,46.46,340.53,81.07,34.48,1948.6,0.26,0,268.5,0.7778,1
NER_00778,Meghalaya,25.66652,92.40799,1.49,7.66,28.01,20.76,40.32,1817.9,3.26,2,26.4,0.0118,0
NER_00779,Tripura (Jampui Hills),24.09357,92.2167,51.24,105.26,153.32,57.77,20.47,545.9,2.23,2,229.7,0.3705,1
NER_00780,Meghalaya,25.47889,92.12222,1.59,24.13,56.57,54.03,40.73,1284.6,0.23,1,638.9,0.0524,0
NER_00781,Manipur,25.06047,94.41942,12.62,118.63,445.01,98.0,31.7,1157.7,12.6,0,106.2,0.989,1
NER_00782,Mizoram,23.03503,93.06896,13.26,138.71,346.03,91.77,36.81,1488.5,11.95,0,43.4,0.9877,1
NER_00783,Assam (Barak/Dima Hasao),25.96389,93.48871,5.84,22.45,49.19,34.86,24.33,571.1,1.1,2,35.8,0.0126,0
NER_00784,Meghalaya,25.41218,91.80963,33.76,127.83,158.54,62.42,34.06,1382.6,17.34,0,67.0,0.5894,1
NER_00785,Tripura (Jampui Hills),23.68797,91.92674,52.8,199.79,245.46,76.25,22.15,265.2,8.49,1,83.9,0.9732,1
NER_00786,Manipur,24.55661,93.93123,8.82,196.56,298.95,73.27,40.79,1549.3,3.4,2,266.7,0.9969,1
NER_00787,Assam (Barak/Dima Hasao),25.39144,92.57632,46.74,190.73,541.14,98.0,23.4,163.3,0.99,3,597.1,0.9995,1
NER_00788,Meghalaya,25.80695,92.7422,6.5,14.75,11.86,45.47,23.32,1322.1,8.98,0,102.8,0.0037,0
NER_00789,Sikkim,27.51124,88.03586,3.25,166.87,541.95,98.0,44.75,1872.2,0.41,1,115.2,0.9997,1
NER_00790,Tripura (Jampui Hills),23.82463,92.18159,35.54,36.28,393.33,89.54,27.45,290.0,0.3,2,71.5,0.9021,1
NER_00791,Nagaland,25.8217,94.17026,4.03,24.14,201.11,62.93,20.06,897.9,18.71,4,429.4,0.0818,0
NER_00792,Meghalaya,25.44372,92.7408,6.42,6.42,39.17,49.29,22.84,2206.3,11.07,1,10.0,0.0064,0
NER_00793,Meghalaya,25.81428,91.51269,51.58,144.0,270.84,77.28,41.79,1952.8,6.2,3,296.3,0.9893,1
NER_00794,Manipur,24.32602,94.20859,16.15,108.22,196.62,57.51,12.37,563.9,9.07,0,130.7,0.1614,0
NER_00795,Mizoram,22.48454,93.05081,27.21,148.93,422.58,98.0,15.68,1299.5,10.42,2,154.3,0.9893,1
NER_00796,Arunachal Pradesh,27.52179,93.5782,6.39,6.39,1.94,53.87,32.59,2752.5,10.86,0,299.1,0.0067,0
NER_00797,Arunachal Pradesh,26.74928,95.98807,31.94,146.61,457.53,92.57,34.47,2537.0,11.12,1,157.5,0.9967,1
NER_00798,Nagaland,26.20159,94.23244,32.25,64.12,540.58,98.0,42.76,1586.4,1.13,2,473.7,0.9961,1
NER_00799,Manipur,25.25706,94.77189,37.2,188.36,501.99,98.0,39.27,1033.2,3.47,0,576.8,0.9994,1
NER_00800,Assam (Barak/Dima Hasao),25.11514,93.06555,15.75,15.75,419.19,91.2,12.25,764.1,20.67,0,516.6,0.1857,0
NER_00801,Meghalaya,25.44502,91.75931,40.8,239.75,539.56,98.0,41.13,1333.8,8.09,2,37.3,0.9997,1
NER_00802,Tripura (Jampui Hills),24.18436,92.37111,40.32,220.47,456.47,98.0,17.32,1137.0,12.48,1,179.0,0.9985,1
NER_00803,Tripura (Jampui Hills),24.43714,92.35283,44.23,150.73,626.1,98.0,16.69,898.9,17.99,0,154.6,0.9957,1
NER_00804,Arunachal Pradesh,29.11626,96.95327,22.42,131.95,373.54,97.82,40.2,2620.7,0.58,2,286.4,0.9974,1
NER_00805,Nagaland,26.79004,94.32095,1.49,1.49,48.7,45.38,32.38,965.9,36.23,2,144.3,0.0043,0
NER_00806,Assam (Barak/Dima Hasao),25.80327,93.21618,1.35,18.84,6.71,34.45,18.39,408.2,1.06,0,76.1,0.0022,0
NER_00807,Mizoram,23.96844,92.4521,25.57,73.5,236.38,75.17,40.57,1528.6,0.62,4,169.1,0.942,1
NER_00808,Sikkim,27.83746,88.13322,3.8,3.96,38.03,35.4,24.43,2132.4,3.71,1,86.1,0.0042,0
NER_00809,Manipur,24.0784,93.5262,41.51,73.37,427.88,98.0,34.18,674.8,0.23,0,90.2,0.9794,0
NER_00810,Assam (Barak/Dima Hasao),25.46776,93.76001,48.15,223.37,545.14,98.0,36.74,650.8,7.08,1,185.2,0.9997,1
NER_00811,Meghalaya,25.40813,90.72792,50.03,118.35,559.06,98.0,33.17,1451.9,12.04,3,262.5,0.9985,1
NER_00812,Mizoram,23.82758,92.63627,0.64,21.17,32.26,47.93,42.36,1315.0,24.3,1,79.2,0.0222,0
NER_00813,Mizoram,22.5362,93.15672,16.71,235.36,384.95,90.84,38.67,2056.1,15.59,0,315.9,0.9991,1
NER_00814,Manipur,24.79286,93.10956,1.57,7.97,38.03,24.07,13.38,1174.5,6.96,1,192.5,0.0008,0
NER_00815,Mizoram,22.15968,92.90725,4.71,11.07,38.56,42.22,41.83,924.6,0.2,1,588.4,0.0202,0
NER_00816,Sikkim,27.27692,88.36645,20.08,74.44,343.93,93.27,33.6,2126.6,3.19,1,83.4,0.9555,1
NER_00817,Nagaland,26.32666,93.51179,37.67,55.23,427.43,98.0,35.24,1246.5,0.2,4,178.1,0.9913,1
NER_00818,Manipur,24.16783,93.19568,5.38,23.19,12.62,31.33,38.03,1139.1,2.92,2,159.6,0.0194,0
NER_00819,Assam (Barak/Dima Hasao),25.90014,93.6933,7.46,19.49,16.16,36.52,31.66,569.9,25.12,8,265.0,0.0359,0
NER_00820,Nagaland,25.86742,93.88184,0.14,0.14,56.4,34.31,31.64,1390.3,3.03,0,207.1,0.0048,0
NER_00821,Manipur,25.65247,94.38069,19.26,87.42,473.33,98.0,11.26,1719.8,1.87,2,87.3,0.966,1
NER_00822,Mizoram,23.97343,92.94107,7.57,14.82,57.12,47.34,23.3,1317.6,0.62,0,320.8,0.0069,0
NER_00823,Tripura (Jampui Hills),23.74985,92.39216,48.69,78.95,321.28,95.84,17.3,528.0,0.46,0,193.0,0.7989,1
NER_00824,Manipur,25.46051,94.06165,5.52,13.92,49.04,24.92,39.09,640.8,4.61,0,197.7,0.0072,0
NER_00825,Arunachal Pradesh,29.3716,93.66738,15.73,59.77,526.92,98.0,36.81,2694.3,1.93,0,64.6,0.9896,1
NER_00826,Sikkim,27.1543,88.57802,7.97,9.34,33.94,53.59,23.37,2519.4,12.8,3,15.5,0.0158,0
NER_00827,Arunachal Pradesh,28.87041,94.45206,6.77,13.29,47.92,23.07,30.62,2343.0,10.61,1,914.6,0.0014,0
NER_00828,Mizoram,23.85496,93.12054,1.83,1.83,38.87,38.47,23.42,1335.4,4.8,4,335.7,0.0086,0
NER_00829,Assam (Barak/Dima Hasao),26.04516,93.06205,42.69,207.5,500.47,97.93,20.58,1288.2,3.95,0,97.3,0.999,1
NER_00830,Arunachal Pradesh,29.17973,95.78943,8.75,227.51,275.26,76.53,39.35,2370.8,1.28,0,26.6,0.9979,1
NER_00831,Meghalaya,25.39471,90.74601,1.1,5.43,21.32,51.46,32.77,1671.6,2.89,1,79.0,0.0181,0
NER_00832,Assam (Barak/Dima Hasao),24.83559,93.71455,7.75,14.76,7.48,37.73,27.75,533.0,0.4,1,55.4,0.0077,0
NER_00833,Meghalaya,25.24659,90.42891,27.33,35.43,293.54,68.2,45.77,1160.8,3.55,8,134.1,0.9741,1
NER_00834,Assam (Barak/Dima Hasao),25.92478,93.06043,0.68,7.52,59.98,42.53,22.81,984.1,23.31,3,142.4,0.0055,0
NER_00835,Tripura (Jampui Hills),23.51585,92.37854,26.9,131.69,224.79,61.39,13.43,491.1,0.37,3,48.8,0.7491,1
NER_00836,Mizoram,24.1525,92.99314,1.45,18.55,48.62,50.77,23.55,1498.8,1.37,0,688.4,0.0054,0
NER_00837,Manipur,23.85696,93.36734,21.41,21.41,263.14,79.73,20.85,1320.0,14.73,2,10.0,0.2661,0
NER_00838,Manipur,24.10053,93.02689,1.08,21.4,32.2,41.11,35.25,1240.4,35.51,0,161.4,0.0034,0
NER_00839,Nagaland,26.05724,95.00914,32.28,125.88,529.87,98.0,32.62,1484.8,6.21,5,276.0,0.9994,1
NER_00840,Manipur,25.33035,93.25667,17.96,71.4,429.91,95.22,19.99,544.9,10.11,0,238.6,0.8644,1
NER_00841,Nagaland,26.56781,93.55024,1.58,9.63,2.88,26.38,25.28,980.7,6.93,4,10.0,0.0065,0
NER_00842,Sikkim,27.91892,88.21405,7.94,24.27,24.34,35.86,44.23,2151.1,5.24,3,52.0,0.066,0
NER_00843,Tripura (Jampui Hills),23.61782,91.96758,5.31,12.18,32.93,43.38,20.83,705.4,3.29,4,73.7,0.0163,0
NER_00844,Nagaland,25.31361,93.9943,48.29,138.85,301.93,71.15,14.71,852.0,1.08,0,152.9,0.8019,1
NER_00845,Assam (Barak/Dima Hasao),25.57462,93.81537,43.12,46.88,383.14,93.6,47.49,525.5,1.61,3,542.1,0.9832,1
NER_00846,Manipur,24.86948,93.95501,35.65,50.72,386.9,93.22,42.1,1572.4,6.2,2,1467.3,0.8873,1
NER_00847,Mizoram,24.09242,93.10133,7.21,23.72,17.79,54.02,42.41,1979.9,7.53,3,81.6,0.1117,0
NER_00848,Tripura (Jampui Hills),23.82192,92.23293,6.04,14.85,4.01,24.91,18.9,750.1,9.86,2,58.5,0.0017,0
NER_00849,Manipur,25.25273,94.45258,53.06,202.72,264.46,75.0,34.39,1009.5,12.35,2,124.0,0.993,1
NER_00850,Manipur,24.19108,93.25634,3.51,14.96,13.93,48.78,46.76,1043.2,8.1,1,185.7,0.0428,0
NER_00851,Tripura (Jampui Hills),23.65368,92.32814,3.41,6.39,37.61,25.9,27.91,617.0,16.65,5,10.5,0.009,0
NER_00852,Tripura (Jampui Hills),24.25846,91.93478,7.71,16.62,50.2,34.76,5.64,1708.4,7.4,1,112.6,0.0011,0
NER_00853,Nagaland,26.71618,94.69164,17.91,17.91,368.8,85.23,53.86,1972.5,3.19,2,72.3,0.9669,1
NER_00854,Mizoram,23.43682,92.99875,22.28,131.77,578.13,98.0,42.45,1623.6,9.86,1,454.1,0.9991,1
NER_00855,Meghalaya,25.61806,90.15242,43.77,182.47,368.76,84.54,24.83,1433.3,8.93,4,137.0,0.9971,1
NER_00856,Sikkim,28.03422,88.73184,50.8,227.84,302.3,83.86,27.18,1700.0,8.85,0,209.2,0.9945,1
NER_00857,Nagaland,25.84546,94.59772,1.28,15.87,46.12,39.55,21.22,877.2,2.59,3,98.1,0.0123,0
NER_00858,Arunachal Pradesh,28.72211,96.01991,18.78,196.16,660.82,98.0,60.69,2647.5,5.54,0,108.4,0.9997,1
NER_00859,Meghalaya,25.67551,90.73877,42.0,196.33,629.43,98.0,26.22,1404.5,3.86,0,307.2,0.9997,1
NER_00860,Nagaland,26.83589,94.63043,35.37,35.37,334.46,82.02,32.99,875.4,6.18,1,297.4,0.7026,1
NER_00861,Nagaland,25.46238,93.94631,7.77,19.96,36.81,31.33,32.08,1669.9,3.89,3,333.2,0.0147,0
NER_00862,Sikkim,27.27049,88.13951,1.16,11.01,48.69,30.39,40.08,2195.7,2.03,2,61.8,0.0252,0
NER_00863,Tripura (Jampui Hills),24.33793,92.04872,41.58,214.94,685.54,98.0,8.94,436.0,4.25,3,217.4,0.9997,1
NER_00864,Nagaland,25.97637,93.99258,44.16,201.18,547.27,98.0,10.44,1761.1,6.22,0,295.4,0.9975,1
NER_00865,Meghalaya,25.98291,92.15266,4.43,17.94,38.7,54.48,21.78,1378.7,3.01,3,231.6,0.0229,0
NER_00866,Sikkim,27.50626,88.39408,5.65,22.4,28.6,22.23,35.23,2120.8,43.76,0,148.8,0.0009,0
NER_00867,Nagaland,26.22556,95.09997,4.31,5.38,27.13,43.61,33.02,873.6,5.4,2,715.1,0.0077,0
NER_00868,Assam (Barak/Dima Hasao),25.00193,93.25546,34.53,41.93,511.74,98.0,20.73,434.3,0.2,2,311.3,0.9539,1
NER_00869,Mizoram,24.44743,93.12848,36.19,36.19,247.79,74.11,27.29,1958.6,0.24,4,326.1,0.62,0
NER_00870,Assam (Barak/Dima Hasao),25.33381,93.16417,12.63,35.42,182.64,62.63,27.28,541.7,2.98,0,140.7,0.1175,1
NER_00871,Tripura (Jampui Hills),24.25182,92.11432,2.25,231.81,499.91,98.0,30.45,1141.6,32.14,0,116.8,0.9992,1
NER_00872,Sikkim,27.88004,88.51127,38.21,234.55,308.18,84.71,35.59,2307.4,1.51,2,172.4,0.9993,1
NER_00873,Tripura (Jampui Hills),24.20637,92.3278,44.78,230.56,683.87,98.0,27.2,699.9,13.67,0,10.0,0.9997,1
NER_00874,Nagaland,25.39399,94.59776,36.9,90.91,325.51,88.36,30.4,1370.1,0.84,0,42.2,0.9335,0
NER_00875,Meghalaya,25.40451,90.89708,7.28,23.03,48.65,44.77,18.28,1448.9,1.67,1,110.9,0.008,0
NER_00876,Meghalaya,25.863,90.07286,1.08,16.08,16.95,46.72,48.57,903.6,6.62,2,184.4,0.0702,0
NER_00877,Assam (Barak/Dima Hasao),25.36593,93.02789,38.25,191.93,351.17,87.49,7.61,285.8,3.1,1,123.1,0.9795,1
NER_00878,Sikkim,27.20689,88.08027,21.29,21.29,486.34,98.0,49.64,1783.5,6.78,0,94.1,0.981,1
NER_00879,Assam (Barak/Dima Hasao),25.83396,93.23358,0.58,22.31,42.74,27.13,32.97,917.7,9.61,4,26.0,0.0226,0
NER_00880,Sikkim,27.04976,88.34334,3.12,8.27,10.62,27.99,45.8,2361.2,2.74,4,269.4,0.0357,0
NER_00881,Assam (Barak/Dima Hasao),24.86266,92.69834,7.03,15.65,12.29,45.78,21.38,764.3,17.09,1,211.3,0.0029,0
NER_00882,Sikkim,27.45748,88.37228,25.8,103.98,447.18,98.0,51.37,2048.9,13.57,1,229.2,0.9974,1
NER_00883,Mizoram,22.08336,92.33726,5.56,23.88,42.9,29.97,38.63,1795.2,0.55,1,45.8,0.0228,0
NER_00884,Nagaland,25.39529,93.52686,7.8,239.0,480.03,98.0,43.26,755.2,24.0,1,172.3,0.9997,1
NER_00885,Meghalaya,25.31758,91.64596,2.54,4.72,12.63,39.91,48.88,1194.6,7.27,0,678.1,0.01,0
NER_00886,Arunachal Pradesh,29.07846,93.00481,5.02,12.64,13.51,31.76,43.89,2800.9,18.55,0,119.5,0.0064,0
NER_00887,Sikkim,27.95847,88.06244,30.32,169.07,383.54,97.15,46.94,2213.0,6.51,0,832.3,0.9976,1
NER_00888,Manipur,25.17575,93.57898,47.42,102.19,387.32,91.58,46.82,1305.9,9.22,0,10.0,0.9913,1
NER_00889,Sikkim,27.71375,88.81973,2.76,17.07,36.76,54.58,35.6,2731.3,2.66,2,149.3,0.0546,0
NER_00890,Manipur,24.66302,94.583,24.88,51.07,414.07,98.0,23.02,1153.8,10.5,5,122.9,0.9682,1
NER_00891,Sikkim,27.50593,88.63962,5.87,10.53,25.06,35.54,31.76,2126.0,4.12,3,108.8,0.0159,0
NER_00892,Arunachal Pradesh,27.5134,95.49224,2.91,18.23,47.05,36.22,49.41,2964.8,2.26,2,210.1,0.0717,0
NER_00893,Assam (Barak/Dima Hasao),25.32474,92.92966,1.6,21.75,24.73,31.82,16.07,1031.2,6.26,1,587.6,0.0012,0
NER_00894,Assam (Barak/Dima Hasao),26.11197,93.1045,5.13,17.02,46.15,40.13,25.85,719.3,1.85,1,47.3,0.0106,0
NER_00895,Manipur,24.58145,93.84344,37.84,180.45,604.61,98.0,31.22,944.0,21.42,0,675.8,0.9986,1
NER_00896,Sikkim,27.36466,88.08095,49.94,155.23,327.2,82.31,34.29,2541.5,10.89,5,91.9,0.9967,1
NER_00897,Arunachal Pradesh,28.61081,93.23845,31.27,154.12,255.34,61.6,51.29,2906.0,18.49,0,134.1,0.963,1
NER_00898,Mizoram,24.43792,92.99664,38.47,53.35,92.33,60.4,34.89,1462.4,11.27,0,119.9,0.1048,0
NER_00899,Tripura (Jampui Hills),24.08489,91.9091,1.08,22.16,4.13,30.5,38.77,150.0,23.44,1,542.0,0.0032,0
NER_00900,Manipur,24.01085,94.68305,3.96,8.87,59.01,41.77,33.78,1034.7,8.05,0,393.5,0.0071,0
NER_00901,Manipur,24.49391,93.45489,15.95,161.12,506.35,98.0,5.0,1004.5,18.77,0,95.9,0.976,1
NER_00902,Tripura (Jampui Hills),24.15941,91.99975,22.59,59.92,301.47,83.16,19.8,1395.4,20.89,0,213.1,0.3269,0
NER_00903,Nagaland,26.45434,93.93771,3.91,17.98,33.14,29.33,40.78,759.2,12.26,1,104.7,0.0114,0
NER_00904,Meghalaya,25.82493,92.54003,32.31,54.85,114.08,58.86,44.34,749.6,0.2,0,358.9,0.2744,1
NER_00905,Sikkim,27.81015,88.30702,34.47,89.45,418.67,94.21,41.84,2328.5,6.99,5,869.3,0.9945,1
NER_00906,Manipur,24.17909,94.34292,18.98,26.25,91.99,50.45,31.45,1185.6,24.19,0,392.1,0.0097,0
NER_00907,Tripura (Jampui Hills),24.10546,91.91164,9.63,54.57,173.54,73.12,18.12,457.7,16.02,0,51.1,0.0932,0
NER_00908,Mizoram,23.71991,93.04344,28.85,148.27,448.97,97.71,35.15,1318.0,3.1,8,44.3,0.9997,1
NER_00909,Mizoram,23.27943,92.98581,45.34,179.91,488.84,98.0,39.26,1498.5,11.23,0,16.2,0.9994,1
NER_00910,Tripura (Jampui Hills),23.512,92.24656,1.65,1.65,15.75,35.78,30.19,880.5,19.85,1,285.7,0.002,0
NER_00911,Tripura (Jampui Hills),23.87044,91.98015,2.59,10.24,52.8,47.87,8.72,634.4,10.93,0,46.7,0.0015,0
NER_00912,Assam (Barak/Dima Hasao),25.44907,93.75873,35.51,86.26,561.66,98.0,19.24,815.5,11.11,1,10.0,0.9839,1
NER_00913,Manipur,24.08697,94.70288,47.25,50.62,454.02,98.0,28.89,1115.0,5.11,0,55.1,0.9445,1
NER_00914,Mizoram,23.16499,93.06848,1.67,1.67,19.4,30.13,10.08,1597.4,1.39,5,15.4,0.0036,0
NER_00915,Tripura (Jampui Hills),24.30362,92.04981,16.94,42.42,130.66,59.25,27.7,627.9,1.38,2,288.0,0.1377,0
NER_00916,Arunachal Pradesh,28.19598,94.34114,7.21,22.56,38.03,36.67,25.88,2982.1,2.26,5,291.4,0.028,0
NER_00917,Arunachal Pradesh,28.23166,93.48636,45.44,148.39,285.05,81.66,42.96,2671.4,3.11,2,886.3,0.9851,1
NER_00918,Tripura (Jampui Hills),24.39056,91.98808,40.57,217.6,673.81,98.0,26.49,331.7,1.28,0,188.3,0.9997,1
NER_00919,Nagaland,26.48143,93.99119,52.7,141.42,524.08,98.0,38.65,1578.7,2.02,0,110.1,0.999,1
NER_00920,Arunachal Pradesh,28.31431,94.71786,6.39,18.39,11.7,29.89,47.82,2085.1,25.31,1,32.1,0.0108,0
NER_00921,Assam (Barak/Dima Hasao),25.7809,93.69378,54.63,97.94,477.05,97.61,22.19,1008.1,2.81,0,258.2,0.9743,1
NER_00922,Tripura (Jampui Hills),24.25846,91.86465,47.99,230.12,315.89,86.88,22.9,552.6,9.8,1,44.5,0.9966,1
NER_00923,Arunachal Pradesh,26.92526,96.49083,19.17,186.12,505.75,98.0,40.55,2664.2,4.56,0,49.0,0.9997,1
NER_00924,Manipur,24.74369,94.66851,20.21,95.34,161.86,66.21,25.45,1218.5,1.43,2,24.1,0.6022,1
NER_00925,Assam (Barak/Dima Hasao),25.56316,93.23455,15.82,40.93,481.07,98.0,18.32,437.6,1.35,3,421.0,0.9363,1
NER_00926,Sikkim,27.70719,88.62756,35.62,86.88,291.26,80.15,50.92,2083.6,11.37,5,772.1,0.9809,1
NER_00927,Nagaland,26.08601,94.57232,16.61,16.61,362.43,81.26,31.29,1022.1,0.33,1,58.6,0.7216,1
NER_00928,Mizoram,22.29587,92.20882,1.57,18.85,15.38,51.43,44.19,811.7,2.47,1,122.9,0.0608,0
NER_00929,Nagaland,26.01297,94.14653,12.9,39.01,488.9,98.0,25.97,2084.9,11.76,0,29.9,0.9093,1
NER_00930,Nagaland,26.69927,94.58099,29.09,213.99,357.54,86.62,47.57,1017.6,3.58,0,246.0,0.9994,1
NER_00931,Arunachal Pradesh,27.11906,97.18077,54.3,141.19,299.59,83.82,47.85,2327.6,33.2,2,45.2,0.9866,1
NER_00932,Mizoram,22.10195,92.32871,52.94,115.14,473.08,98.0,32.27,1200.2,0.41,0,80.1,0.9949,1
NER_00933,Assam (Barak/Dima Hasao),25.83859,93.02195,54.11,117.81,567.32,98.0,28.95,640.9,2.82,0,32.0,0.9972,1
NER_00934,Meghalaya,25.92747,92.03278,32.73,67.83,489.24,98.0,31.07,1309.6,21.39,1,10.0,0.9704,1
NER_00935,Tripura (Jampui Hills),23.56328,92.21508,49.56,54.38,90.35,60.76,17.48,686.7,3.79,0,141.6,0.0361,0
NER_00936,Nagaland,26.47782,94.66585,0.35,20.26,59.75,39.71,37.08,1801.6,8.9,5,52.1,0.0898,0
NER_00937,Tripura (Jampui Hills),24.29196,92.22934,40.49,98.99,534.8,98.0,19.65,271.7,0.74,1,429.7,0.9856,1
NER_00938,Assam (Barak/Dima Hasao),25.04355,93.06249,24.88,137.01,329.16,85.44,21.99,388.1,2.77,3,348.2,0.9757,1
NER_00939,Manipur,24.43233,93.6456,33.74,208.44,519.71,98.0,13.27,1239.7,15.83,0,10.9,0.9977,1
NER_00940,Manipur,25.65674,94.4261,15.5,131.9,420.86,91.02,23.75,1281.8,13.87,4,1164.2,0.9756,1
NER_00941,Manipur,25.20545,94.23122,1.75,13.08,49.16,32.29,30.45,649.3,3.15,3,116.8,0.0166,0
NER_00942,Meghalaya,25.30323,91.73171,7.33,20.0,29.71,44.32,39.73,1910.6,11.2,2,559.2,0.02,0
NER_00943,Assam (Barak/Dima Hasao),25.224,92.79294,5.55,201.22,537.44,98.0,9.7,150.0,1.7,0,87.7,0.9981,1
NER_00944,Assam (Barak/Dima Hasao),24.8148,93.33659,53.78,148.5,484.1,98.0,25.33,535.7,2.9,2,630.0,0.9965,1
NER_00945,Arunachal Pradesh,26.59312,95.70379,27.99,93.99,561.1,98.0,47.7,2298.6,6.2,0,291.7,0.9981,1
NER_00946,Meghalaya,25.52738,91.4312,0.27,6.03,59.04,30.84,32.43,1956.8,10.06,4,151.6,0.0163,0
NER_00947,Tripura (Jampui Hills),23.71656,92.04636,38.95,127.97,366.4,89.14,27.19,809.3,15.89,3,685.4,0.9682,1
NER_00948,Sikkim,27.27852,88.1059,53.33,111.01,450.08,98.0,32.47,2174.0,4.81,3,10.2,0.9973,1
NER_00949,Assam (Barak/Dima Hasao),25.88604,93.62952,3.56,21.14,13.72,44.53,28.79,1320.3,0.36,0,103.9,0.0101,0
NER_00950,Meghalaya,25.24799,90.196,21.52,174.39,608.35,98.0,23.33,1940.5,0.2,1,395.4,0.9994,1
NER_00951,Assam (Barak/Dima Hasao),25.46312,92.89046,50.05,105.3,548.97,98.0,15.18,602.4,0.54,0,742.3,0.9688,1
NER_00952,Manipur,25.06282,93.80298,14.31,107.98,389.83,91.67,24.78,1486.6,2.44,0,390.2,0.948,1
NER_00953,Manipur,25.21862,93.70328,18.94,83.25,478.41,98.0,20.55,1444.5,0.2,1,77.3,0.9782,1
NER_00954,Tripura (Jampui Hills),23.97828,91.92847,6.08,21.45,8.72,36.72,30.29,837.8,7.89,3,18.4,0.0165,0
NER_00955,Meghalaya,25.60954,90.5412,43.37,112.17,533.97,98.0,42.09,1416.4,3.59,0,76.1,0.9984,1
NER_00956,Arunachal Pradesh,27.67233,95.13862,1.26,16.15,45.33,40.96,52.03,2106.8,1.09,2,390.7,0.0886,0
NER_00957,Meghalaya,25.48947,89.89274,44.76,103.49,342.51,89.79,35.47,1468.2,17.78,0,256.4,0.9328,1
NER_00958,Arunachal Pradesh,29.25798,96.63227,43.65,168.49,468.2,98.0,38.19,2145.6,11.33,3,222.6,0.9995,1
NER_00959,Arunachal Pradesh,26.77296,94.43805,18.59,80.01,341.1,94.98,36.04,3003.5,7.98,0,78.1,0.9495,1
NER_00960,Arunachal Pradesh,29.41702,92.65108,44.52,152.94,537.04,98.0,31.05,2294.3,2.61,1,276.9,0.9989,1
NER_00961,Mizoram,23.68647,92.63378,1.65,21.9,38.32,47.65,22.36,1106.5,12.8,1,47.6,0.0076,0
NER_00962,Manipur,25.48582,94.45724,8.59,72.31,134.74,56.65,21.66,1382.0,10.1,4,153.6,0.2424,0
NER_00963,Meghalaya,25.27004,92.60237,24.67,59.82,112.76,56.12,39.97,1796.0,37.56,1,81.1,0.0865,0
NER_00964,Meghalaya,25.52873,90.96065,2.15,6.93,32.91,47.44,36.16,1572.4,3.59,3,14.0,0.0464,0
NER_00965,Assam (Barak/Dima Hasao),25.08685,93.74784,32.24,66.86,375.1,89.35,22.84,727.1,3.3,2,81.1,0.9141,1
NER_00966,Manipur,23.84361,94.05142,34.55,51.09,338.15,82.52,39.35,1119.0,27.15,1,195.1,0.7463,0
NER_00967,Tripura (Jampui Hills),23.62456,91.94772,15.71,15.71,347.74,92.97,14.43,765.2,7.52,4,624.1,0.5045,1
NER_00968,Mizoram,22.16095,92.2984,48.74,136.78,289.06,74.43,16.56,1098.9,10.75,1,238.7,0.7965,1
NER_00969,Arunachal Pradesh,27.46624,94.49419,43.77,172.26,372.21,90.82,29.16,2092.8,7.46,1,303.9,0.9939,1
NER_00970,Mizoram,23.75883,93.27814,3.16,29.56,380.44,97.7,37.54,604.2,25.88,2,207.1,0.8681,1
NER_00971,Arunachal Pradesh,27.64291,94.44574,10.93,239.35,484.69,98.0,38.82,1735.3,0.75,0,64.9,0.9997,1
NER_00972,Mizoram,24.09935,93.37499,1.25,1.25,4.76,35.86,19.7,754.0,0.75,4,24.2,0.0069,0
NER_00973,Assam (Barak/Dima Hasao),25.18992,93.78235,52.55,162.29,545.21,98.0,35.44,795.3,5.88,0,24.2,0.9994,1
NER_00974,Manipur,24.34766,93.84645,43.51,188.89,339.96,77.3,23.16,1212.5,0.2,5,230.7,0.9972,1
NER_00975,Arunachal Pradesh,28.66963,92.41631,5.01,19.66,276.69,76.65,38.69,2873.5,0.2,3,363.5,0.7301,1
NER_00976,Sikkim,27.51597,88.76188,10.59,174.8,525.84,98.0,38.63,2747.4,3.66,3,155.2,0.9997,1
NER_00977,Manipur,23.80109,93.82939,20.76,231.47,685.95,98.0,26.37,1281.8,4.02,1,129.3,0.9997,1
NER_00978,Assam (Barak/Dima Hasao),25.85228,93.23286,34.03,97.69,261.99,72.3,15.1,1009.3,5.54,3,57.9,0.7195,1
NER_00979,Arunachal Pradesh,27.96166,96.00187,3.17,3.5,47.63,24.98,46.57,2748.3,11.1,1,223.2,0.0104,0
NER_00980,Tripura (Jampui Hills),23.75292,92.03954,7.37,47.75,365.76,84.2,35.18,510.9,1.83,0,802.3,0.7364,1
NER_00981,Arunachal Pradesh,27.89527,93.81934,27.41,225.14,646.03,98.0,36.53,2249.7,7.3,1,179.6,0.9997,1
NER_00982,Manipur,23.82101,93.18234,34.49,115.88,296.2,74.13,32.72,1081.7,0.49,1,249.0,0.934,1
NER_00983,Arunachal Pradesh,27.35478,91.8055,32.02,190.34,548.24,98.0,37.41,2578.1,4.62,1,360.6,0.9997,1
NER_00984,Assam (Barak/Dima Hasao),25.26221,93.49998,4.33,77.05,206.15,62.69,33.69,683.9,1.24,2,54.6,0.6878,1
NER_00985,Manipur,24.16954,94.02473,0.01,0.01,3.97,29.29,13.38,1470.2,1.32,1,73.6,0.0009,0
NER_00986,Meghalaya,25.29719,92.5454,26.85,178.78,376.23,96.46,38.8,1915.7,0.97,2,417.4,0.999,1
NER_00987,Arunachal Pradesh,28.39457,93.4592,3.18,216.73,348.52,93.1,38.81,2938.4,10.09,1,81.8,0.9993,1
NER_00988,Arunachal Pradesh,29.31982,93.30341,46.76,200.42,480.17,98.0,69.32,2390.1,0.42,1,404.5,0.9997,1
NER_00989,Manipur,25.5595,94.25529,37.13,155.19,612.01,98.0,50.08,687.6,4.08,1,88.8,0.9997,1
NER_00990,Sikkim,27.47919,88.73355,52.79,212.8,464.14,96.37,43.78,2573.0,0.25,4,31.5,0.9997,1
NER_00991,Nagaland,25.63782,94.82861,24.71,180.92,278.44,84.2,30.16,1221.9,7.2,3,26.5,0.9949,1
NER_00992,Manipur,25.68449,93.00376,0.32,8.93,34.32,51.25,30.12,1292.3,32.93,1,289.3,0.0036,0
NER_00993,Sikkim,28.09595,88.07411,2.33,12.26,16.04,49.29,38.18,2202.0,20.47,3,568.4,0.015,0
NER_00994,Nagaland,25.44951,94.17844,19.95,78.83,285.86,82.25,38.16,1312.7,11.97,1,171.5,0.8788,1
NER_00995,Nagaland,25.72858,94.64075,10.23,69.15,166.08,70.21,43.69,910.1,2.14,8,92.5,0.9696,1
NER_00996,Meghalaya,25.23291,92.79468,51.28,123.36,337.81,81.87,42.12,1856.2,2.66,0,96.4,0.9848,1
NER_00997,Nagaland,26.88739,93.69857,11.89,206.94,350.42,87.27,23.3,1396.5,1.36,0,17.1,0.9958,1
NER_00998,Assam (Barak/Dima Hasao),25.89721,93.7076,1.47,18.79,52.09,50.42,8.27,979.1,10.94,2,268.5,0.0033,0
NER_00999,Nagaland,25.94844,94.2251,3.34,22.68,43.25,46.98,40.08,1483.5,17.25,0,231.5,0.0162,0
NER_01000,Arunachal Pradesh,28.90063,93.73814,28.76,163.2,524.65,97.66,52.33,2607.9,13.91,1,59.3,0.9997,1
NER_01001,Mizoram,23.03084,93.33978,1.11,1.11,19.96,41.95,26.36,1336.9,10.16,1,193.5,0.0036,0
NER_01002,Tripura (Jampui Hills),24.32955,92.05035,47.16,74.56,505.74,98.0,10.58,150.0,6.79,4,450.2,0.9632,1
NER_01003,Nagaland,25.91066,93.30814,30.37,32.12,423.6,98.0,35.83,1780.9,13.79,0,10.0,0.9086,1
NER_01004,Nagaland,26.58402,94.5603,5.81,23.14,23.34,26.2,22.4,973.1,6.11,1,378.2,0.0021,0
NER_01005,Sikkim,27.75359,88.07171,24.03,162.93,495.24,94.78,38.25,1615.5,0.2,0,346.0,0.9989,1
NER_01006,Mizoram,23.79582,92.63372,50.0,50.0,134.65,62.93,30.7,871.3,49.27,2,254.7,0.0372,0
NER_01007,Nagaland,26.93726,93.5154,6.41,165.3,320.53,84.23,34.04,1305.9,11.62,2,156.5,0.9922,1
NER_01008,Arunachal Pradesh,27.0292,96.33961,1.17,2.16,3.81,25.61,35.44,2514.7,0.2,4,407.9,0.0101,0
NER_01009,Mizoram,23.14459,93.30966,1.34,19.4,24.15,41.74,28.5,1127.6,15.37,3,141.6,0.0123,0
NER_01010,Meghalaya,25.97852,92.03395,3.93,98.0,532.98,98.0,42.62,596.3,12.14,1,153.1,0.9974,1
NER_01011,Arunachal Pradesh,28.44615,93.9932,9.2,141.32,223.74,60.58,52.83,3152.5,15.84,0,462.9,0.9182,1
NER_01012,Arunachal Pradesh,26.85926,96.36498,37.24,38.98,491.55,98.0,44.89,2044.4,2.26,1,138.6,0.9899,1
NER_01013,Manipur,24.33327,94.52953,11.79,20.88,179.2,64.91,27.86,2179.8,3.62,1,335.5,0.0998,1
NER_01014,Manipur,25.56968,94.08523,4.57,4.57,12.74,28.1,33.09,795.1,0.8,0,101.5,0.0038,0
NER_01015,Meghalaya,25.83042,91.44681,7.35,18.81,2.44,34.71,19.81,1113.8,2.82,1,88.3,0.0031,0
NER_01016,Nagaland,26.53397,93.56009,1.27,10.15,6.41,52.89,52.96,2037.6,0.2,4,10.9,0.2783,0
NER_01017,Mizoram,22.11322,92.40206,52.74,174.34,280.55,82.58,23.05,783.1,16.12,2,10.0,0.9758,0
NER_01018,Sikkim,27.74955,88.78757,45.73,152.98,357.78,84.18,29.89,1626.5,14.75,1,67.9,0.9837,1
NER_01019,Manipur,24.56859,94.06339,53.82,160.88,414.83,92.08,34.28,924.8,2.29,3,33.3,0.999,1
NER_01020,Manipur,24.89557,94.466,22.92,25.48,87.97,49.24,31.28,184.4,2.29,2,65.6,0.064,0
NER_01021,Nagaland,26.92692,94.39169,43.64,47.49,403.43,96.42,26.73,981.3,14.17,0,28.3,0.8388,1
NER_01022,Nagaland,25.99814,93.68294,3.5,12.25,56.95,28.82,29.14,1320.0,3.49,3,488.2,0.0083,0
NER_01023,Manipur,23.91667,94.60009,2.73,77.85,299.62,82.98,23.4,1512.5,2.73,1,532.8,0.6992,0
NER_01024,Meghalaya,25.62784,90.84353,49.95,51.1,180.36,70.28,25.94,1056.0,9.33,0,162.0,0.1644,0
NER_01025,Mizoram,24.46488,92.8621,18.44,208.95,471.37,98.0,30.71,1059.5,2.49,1,73.5,0.9997,1
NER_01026,Meghalaya,25.61044,92.45443,30.09,153.06,542.61,98.0,32.4,1725.7,13.27,2,276.0,0.999,1
NER_01027,Manipur,25.62138,93.58928,15.31,83.93,457.8,94.03,37.63,911.8,6.71,0,53.7,0.9862,1
NER_01028,Mizoram,23.535,93.0038,2.86,8.12,51.47,46.56,41.26,1073.7,3.53,1,245.0,0.032,0
NER_01029,Tripura (Jampui Hills),23.72758,92.3745,41.15,120.09,390.83,98.0,23.57,616.4,6.66,0,132.2,0.9733,1
NER_01030,Manipur,24.21939,93.38616,13.08,147.44,379.87,91.57,44.38,1024.8,0.2,1,32.0,0.9984,1
NER_01031,Mizoram,23.49061,92.31221,42.14,77.34,182.51,65.38,29.98,1740.3,10.98,4,69.0,0.6579,1
NER_01032,Mizoram,23.96888,93.26496,4.45,23.37,45.2,25.75,9.63,1582.9,2.08,1,10.0,0.0016,0
NER_01033,Sikkim,27.73403,88.17329,25.82,81.37,138.95,58.39,44.27,2328.3,0.37,0,439.0,0.465,0
NER_01034,Sikkim,27.12966,88.82102,27.11,29.24,464.76,98.0,41.59,2738.7,16.97,0,290.2,0.9306,1
NER_01035,Assam (Barak/Dima Hasao),24.95193,93.57018,37.89,132.06,411.81,97.22,24.42,805.0,0.92,0,418.6,0.9831,1
NER_01036,Arunachal Pradesh,29.15916,92.44438,15.79,193.81,349.44,88.75,53.1,2591.4,6.7,5,138.3,0.9997,1
NER_01037,Sikkim,27.2159,88.26598,27.1,27.1,388.75,86.12,52.26,2263.2,0.76,1,398.1,0.9565,1
NER_01038,Tripura (Jampui Hills),23.89461,92.18979,6.01,6.01,3.05,39.03,16.12,150.0,0.43,0,521.5,0.0009,0
NER_01039,Meghalaya,25.4052,91.4127,1.76,5.13,48.17,42.27,31.51,1758.7,1.17,0,139.5,0.0091,0
NER_01040,Tripura (Jampui Hills),23.57144,92.23255,0.75,0.75,45.93,47.14,5.91,410.6,3.11,0,80.8,0.0011,0
NER_01041,Sikkim,27.092,88.14843,5.18,10.97,53.66,22.0,37.37,1631.2,0.68,2,163.9,0.0129,0
NER_01042,Sikkim,27.79115,88.88956,9.84,50.84,326.44,81.11,32.83,2751.4,12.67,1,85.6,0.7543,1
NER_01043,Meghalaya,25.23552,92.27307,2.15,20.91,320.55,90.23,22.23,1264.8,0.35,1,10.3,0.6105,1
NER_01044,Mizoram,22.88253,92.964,29.12,107.92,496.88,98.0,42.25,1539.4,2.57,0,118.6,0.9975,1
NER_01045,Nagaland,26.67884,94.79177,31.59,107.29,522.5,98.0,34.49,1417.1,10.02,2,13.6,0.9976,1
NER_01046,Sikkim,27.8496,88.70075,2.02,23.2,51.92,38.5,54.96,1971.2,5.97,0,15.7,0.0815,0
NER_01047,Sikkim,27.28777,88.65996,11.95,58.62,411.8,91.39,50.57,2064.6,6.34,1,531.0,0.9802,1
NER_01048,Meghalaya,25.22735,91.00025,48.61,81.96,121.28,52.32,24.72,1118.3,5.9,2,274.9,0.1663,0
NER_01049,Manipur,24.49969,94.30541,7.86,20.55,17.5,33.65,21.85,1050.9,2.96,2,21.4,0.0064,0
NER_01050,Arunachal Pradesh,28.77297,96.69764,7.29,7.35,57.55,20.81,50.82,2706.8,2.08,2,103.9,0.035,0
NER_01051,Assam (Barak/Dima Hasao),25.23082,93.60893,14.8,65.82,144.85,60.42,31.04,386.3,25.75,1,620.1,0.0724,0
NER_01052,Nagaland,25.79679,95.1477,1.44,1.44,51.18,52.08,24.7,762.3,0.51,2,10.0,0.0189,0
NER_01053,Arunachal Pradesh,27.08299,94.65728,2.25,2.25,42.68,36.33,45.64,1891.8,1.04,2,410.9,0.0279,0
NER_01054,Meghalaya,25.58994,91.61937,48.77,87.68,219.25,77.67,22.29,1570.2,7.97,0,61.1,0.5011,0
NER_01055,Meghalaya,25.96059,92.55439,31.29,127.65,340.89,92.83,23.86,1093.4,11.36,0,123.3,0.9485,1
NER_01056,Manipur,24.19654,93.04782,5.51,13.1,0.79,31.68,13.68,1297.7,3.26,1,199.5,0.0011,0
NER_01057,Tripura (Jampui Hills),23.76389,91.97019,43.98,63.08,258.64,75.7,8.9,800.2,10.32,1,10.0,0.2203,1
NER_01058,Sikkim,27.08388,88.54332,20.18,67.05,335.5,87.96,44.54,1444.8,8.16,1,28.8,0.9638,0
NER_01059,Mizoram,22.34356,93.06754,51.49,109.11,180.61,64.22,30.81,1710.0,5.64,0,150.0,0.5697,0
NER_01060,Nagaland,25.43409,94.3186,53.21,225.51,448.41,98.0,37.48,1456.9,3.66,0,392.6,0.9997,1
NER_01061,Manipur,24.61038,94.52377,45.36,104.51,407.85,89.44,17.11,1990.0,16.62,0,540.6,0.7992,1
NER_01062,Assam (Barak/Dima Hasao),25.01559,93.13788,4.07,8.89,49.04,26.42,17.63,1347.8,0.84,0,61.7,0.0015,0
NER_01063,Tripura (Jampui Hills),24.12638,92.09116,14.83,183.67,231.83,73.22,21.06,150.0,1.23,0,185.8,0.9323,1
NER_01064,Tripura (Jampui Hills),24.28024,92.00557,34.57,62.69,383.0,98.0,19.46,662.9,19.51,2,188.0,0.8353,1
NER_01065,Meghalaya,25.70032,91.1546,1.45,20.08,17.15,20.55,27.77,887.8,0.39,1,207.8,0.0033,0
NER_01066,Nagaland,26.24922,93.61464,17.71,99.57,480.8,96.25,35.55,874.4,7.82,2,363.8,0.9941,1
NER_01067,Tripura (Jampui Hills),23.58965,92.11333,42.93,142.2,304.68,88.48,16.01,1028.3,6.93,2,210.3,0.9477,1
NER_01068,Mizoram,24.37855,93.26865,7.69,10.75,33.83,21.92,43.37,1681.3,13.16,0,379.1,0.0039,0
NER_01069,Sikkim,28.08902,88.42568,51.98,183.59,352.86,86.37,34.39,2319.7,11.54,5,10.0,0.9991,1
NER_01070,Arunachal Pradesh,28.45057,96.89113,15.69,15.69,200.8,68.17,31.24,2019.3,6.59,0,427.0,0.0922,0
NER_01071,Manipur,25.51427,94.01928,5.29,13.61,8.8,23.27,25.97,1139.7,13.06,3,130.3,0.0032,0
NER_01072,Assam (Barak/Dima Hasao),25.2826,93.38249,6.46,22.06,45.99,30.98,29.58,620.7,6.6,3,25.9,0.0172,0
NER_01073,Meghalaya,25.32674,90.37612,3.56,155.86,204.11,75.01,30.8,1896.6,2.2,3,93.0,0.9743,1
NER_01074,Sikkim,27.73449,88.46251,0.65,9.68,12.12,26.77,35.4,1495.4,3.95,8,31.0,0.0718,0
NER_01075,Sikkim,27.05271,88.0596,6.19,8.03,27.19,50.2,26.42,1657.9,2.62,0,233.2,0.0067,0
NER_01076,Tripura (Jampui Hills),24.14207,92.17619,5.08,149.74,355.57,89.16,17.85,964.4,8.12,0,565.2,0.9294,0
NER_01077,Manipur,25.17944,94.37334,3.79,12.3,37.52,33.46,23.96,1211.3,1.18,0,400.7,0.0025,0
NER_01078,Manipur,24.8743,94.67847,26.05,233.32,352.61,89.57,42.25,1382.7,0.2,4,280.7,0.9997,1
NER_01079,Arunachal Pradesh,28.64476,92.52749,10.71,206.15,640.75,98.0,44.55,2028.6,0.92,1,20.6,0.9997,1
NER_01080,Manipur,23.80088,93.20272,8.43,144.02,329.26,84.9,28.01,805.1,5.76,2,35.5,0.9861,1
NER_01081,Nagaland,25.75278,94.42585,24.68,24.68,422.53,92.7,38.47,1463.5,6.92,0,499.0,0.8518,1
NER_01082,Sikkim,27.26016,88.1844,11.03,192.96,523.24,98.0,38.0,2385.2,5.09,0,38.2,0.9997,1
NER_01083,Meghalaya,25.89036,92.4828,4.29,4.29,32.77,37.2,33.39,764.5,0.86,0,183.2,0.0067,0
NER_01084,Tripura (Jampui Hills),23.73386,92.05561,3.55,168.34,341.64,76.96,11.05,976.2,6.2,3,471.1,0.953,1
NER_01085,Tripura (Jampui Hills),24.45977,91.81375,3.22,11.34,42.01,52.84,22.66,150.0,10.16,1,285.4,0.0067,0
NER_01086,Assam (Barak/Dima Hasao),25.52559,93.63065,2.79,4.27,13.43,43.59,25.01,695.6,11.57,1,38.8,0.004,0
NER_01087,Assam (Barak/Dima Hasao),25.75025,93.42338,36.52,48.83,111.61,60.19,32.1,783.6,35.99,4,290.2,0.0942,0
NER_01088,Arunachal Pradesh,28.2036,97.3135,43.52,155.27,429.11,84.05,40.65,2631.0,6.52,1,286.3,0.9971,1
NER_01089,Manipur,24.04106,94.65345,5.73,10.83,43.15,28.78,37.54,523.2,24.19,2,65.3,0.0066,0
NER_01090,Manipur,24.36646,94.09008,53.01,155.86,414.26,94.72,35.01,648.4,6.45,0,21.9,0.9968,1
NER_01091,Meghalaya,25.42124,90.33713,0.66,0.66,36.93,47.31,29.57,1720.6,3.96,0,366.5,0.0054,0
NER_01092,Meghalaya,25.74747,91.79108,46.81,113.2,366.96,90.68,26.42,866.8,5.43,1,486.3,0.9539,1
NER_01093,Manipur,24.40822,94.03825,44.0,159.8,496.85,98.0,13.03,1125.5,12.51,1,286.1,0.9907,1
NER_01094,Arunachal Pradesh,28.7667,93.84093,41.56,217.45,326.61,79.75,52.2,2549.8,4.88,0,279.5,0.9992,1
NER_01095,Nagaland,25.65217,95.07504,9.05,158.62,473.89,95.45,25.54,1833.8,1.75,1,422.2,0.9966,1
NER_01096,Assam (Barak/Dima Hasao),25.96243,92.81108,50.55,73.66,411.68,92.11,21.59,1218.2,18.54,1,27.2,0.8755,1
NER_01097,Arunachal Pradesh,28.66726,97.09297,2.75,5.54,41.68,41.28,51.49,3466.3,3.94,5,47.1,0.2049,0
NER_01098,Meghalaya,25.3012,92.77429,47.06,74.14,277.97,75.27,20.47,1385.6,3.97,1,757.2,0.394,0
NER_01099,Nagaland,26.68475,93.72599,27.5,223.42,304.36,88.13,46.02,1693.4,1.02,2,179.5,0.9997,1
NER_01100,Sikkim,27.21906,88.74972,7.7,34.85,196.99,70.21,34.69,2453.9,12.62,0,113.2,0.2175,1
NER_01101,Manipur,24.49561,94.59498,52.87,206.6,257.21,70.69,22.65,1287.2,14.96,1,68.0,0.9668,1
NER_01102,Manipur,25.12454,94.15796,8.47,153.54,610.13,98.0,45.08,1720.7,12.58,0,109.2,0.9997,1
NER_01103,Manipur,25.23975,93.01211,31.54,215.29,666.12,98.0,22.45,912.0,5.78,1,364.2,0.9997,1
NER_01104,Assam (Barak/Dima Hasao),25.38252,93.83776,39.42,209.08,301.28,66.89,31.82,350.7,4.3,2,193.5,0.9939,1
NER_01105,Nagaland,26.17443,93.94512,52.77,55.0,143.0,55.35,33.35,621.4,12.74,0,311.8,0.0885,0
NER_01106,Meghalaya,25.83118,91.08432,5.18,9.31,13.77,28.12,29.59,1588.1,15.23,4,11.0,0.0077,0
NER_01107,Manipur,25.02104,94.48647,35.57,123.12,387.92,84.24,32.46,1089.0,3.16,0,58.4,0.9809,1
NER_01108,Nagaland,25.74587,94.91713,13.77,206.33,682.04,98.0,41.63,1111.6,7.06,8,168.6,0.9997,1
NER_01109,Tripura (Jampui Hills),24.21936,91.9756,7.6,22.98,17.27,22.44,7.24,943.7,1.11,3,1046.5,0.0005,0
NER_01110,Manipur,25.14438,94.45391,4.99,16.13,37.61,22.06,31.79,1232.3,14.48,0,233.2,0.002,0
NER_01111,Meghalaya,25.56763,91.0461,5.32,10.1,42.37,26.19,25.93,1417.7,6.44,0,190.1,0.002,0
NER_01112,Arunachal Pradesh,27.94024,93.42509,4.95,23.55,19.53,37.88,41.83,2220.1,7.91,1,119.1,0.0238,0
NER_01113,Tripura (Jampui Hills),23.88241,92.19461,3.66,16.14,10.53,27.53,20.23,785.5,0.44,3,316.7,0.0038,0
NER_01114,Mizoram,24.30707,92.98648,41.27,142.55,449.21,98.0,52.06,991.3,20.84,0,47.3,0.9987,1
NER_01115,Arunachal Pradesh,28.47174,95.01106,4.62,17.56,14.67,51.31,26.8,2413.3,6.4,0,45.5,0.009,0
NER_01116,Nagaland,25.6802,93.5321,19.63,70.61,109.41,52.62,29.9,1429.6,10.89,1,44.1,0.1326,0
NER_01117,Tripura (Jampui Hills),24.11121,92.23502,4.94,54.22,115.67,59.12,24.14,994.4,13.94,3,144.4,0.1203,0
NER_01118,Tripura (Jampui Hills),24.21876,91.92854,37.79,44.4,87.04,46.54,39.35,407.2,1.19,5,728.8,0.2123,0
NER_01119,Manipur,25.30714,93.71484,51.81,139.7,442.66,98.0,32.53,328.3,6.35,0,537.2,0.9926,1
NER_01120,Tripura (Jampui Hills),23.84931,91.92635,46.41,103.73,161.12,56.54,12.79,560.7,3.72,1,51.0,0.1944,0
NER_01121,Sikkim,27.22219,88.25032,39.63,39.63,99.52,58.73,31.45,3056.7,8.29,3,483.1,0.1096,0
NER_01122,Meghalaya,25.12056,90.24765,36.65,83.13,328.21,80.33,37.28,784.9,10.47,1,107.0,0.9208,1
NER_01123,Mizoram,22.04739,93.1879,23.08,151.96,233.78,67.62,40.03,923.6,38.81,0,290.2,0.7787,1
NER_01124,Manipur,24.02435,94.23621,7.97,182.85,253.01,70.08,17.15,963.8,5.03,2,13.7,0.954,1
NER_01125,Manipur,25.53524,93.07533,51.05,113.47,255.37,75.57,26.3,1031.4,1.17,0,339.3,0.7784,1
NER_01126,Mizoram,23.02177,92.60478,2.26,2.59,45.86,23.52,23.75,627.3,4.86,3,416.8,0.0028,0
NER_01127,Assam (Barak/Dima Hasao),25.67549,92.69686,33.34,43.98,451.98,98.0,21.02,722.4,8.75,8,40.7,0.9902,1
NER_01128,Arunachal Pradesh,29.4837,93.59985,2.76,17.89,34.13,47.27,30.36,3082.9,13.31,2,10.0,0.0182,0
NER_01129,Sikkim,27.854,88.20598,8.91,102.16,475.32,98.0,33.23,2263.4,1.69,4,199.5,0.998,1
NER_01130,Manipur,23.84873,94.78218,5.26,28.57,328.15,82.15,22.27,1479.5,3.59,0,65.6,0.4384,0
NER_01131,Meghalaya,25.4881,92.38589,6.91,8.56,15.66,48.97,38.41,1440.4,1.08,0,262.5,0.0164,0
NER_01132,Sikkim,27.24402,88.6393,35.91,126.69,568.08,98.0,36.49,2495.7,1.07,2,596.4,0.999,1
NER_01133,Meghalaya,25.4338,91.57037,44.93,204.36,295.94,75.96,45.99,1465.6,2.68,3,728.6,0.9983,1
NER_01134,Sikkim,27.12162,88.49945,0.8,19.81,33.23,33.95,39.93,1490.6,5.78,0,10.0,0.015,0
NER_01135,Meghalaya,25.54009,91.07142,7.73,148.37,569.16,98.0,33.41,1417.2,0.82,2,114.0,0.9996,1
NER_01136,Sikkim,27.44945,88.0915,28.08,233.24,692.49,98.0,40.66,2795.8,3.23,5,419.2,0.9997,1
NER_01137,Assam (Barak/Dima Hasao),25.04497,93.48569,15.45,110.83,334.1,87.58,35.47,830.1,1.6,1,187.8,0.9783,1
NER_01138,Mizoram,24.49937,93.16438,3.49,20.96,53.38,25.21,30.85,1292.3,1.36,3,698.2,0.0084,0
NER_01139,Meghalaya,25.57215,92.29208,33.23,84.89,263.53,71.23,19.88,1258.3,0.26,5,129.0,0.8582,1
NER_01140,Meghalaya,25.14552,91.56554,5.6,137.37,591.04,98.0,29.68,1221.6,2.33,0,266.1,0.9984,1
NER_01141,Nagaland,26.2335,93.89859,23.53,23.53,318.87,76.45,20.22,1189.9,3.05,0,73.8,0.2833,0
NER_01142,Tripura (Jampui Hills),24.42926,92.037,22.26,169.16,565.31,98.0,5.0,150.0,8.15,2,55.4,0.9966,1
NER_01143,Assam (Barak/Dima Hasao),26.13763,92.70782,1.69,19.05,26.21,44.11,21.4,150.0,5.31,1,71.3,0.0066,0
NER_01144,Nagaland,26.24916,95.03274,37.0,111.93,586.55,98.0,37.1,1934.6,0.2,2,605.0,0.9988,1
NER_01145,Tripura (Jampui Hills),23.55098,92.07645,5.28,16.48,37.85,29.08,34.3,162.7,0.89,1,459.8,0.0071,0
NER_01146,Meghalaya,25.31169,91.85304,47.99,47.99,128.37,68.28,32.07,879.2,7.24,4,378.6,0.3706,0
NER_01147,Nagaland,26.87005,94.26561,25.92,46.1,417.13,86.1,31.6,1811.6,28.19,4,561.5,0.8508,0
NER_01148,Arunachal Pradesh,28.06584,95.92467,28.89,28.89,70.45,49.62,44.71,3734.3,28.75,1,673.9,0.0208,0
NER_01149,Manipur,25.40003,93.68445,33.29,215.47,548.93,98.0,31.86,1563.1,0.77,2,21.9,0.9997,1
NER_01150,Assam (Barak/Dima Hasao),25.58356,93.20656,33.21,157.96,308.17,82.31,9.36,902.5,6.91,8,665.6,0.9827,1
NER_01151,Meghalaya,25.8111,91.07057,31.58,216.1,557.02,98.0,36.47,1326.7,18.39,2,48.7,0.9997,1
NER_01152,Assam (Barak/Dima Hasao),25.29566,93.59064,24.35,25.16,327.3,78.21,8.41,926.8,13.07,2,126.9,0.1774,0
NER_01153,Mizoram,23.77292,93.32267,10.47,91.05,294.72,82.06,16.86,916.2,5.73,0,146.7,0.6324,0
NER_01154,Mizoram,24.04635,92.68796,28.6,135.29,405.01,85.83,25.51,1145.3,5.59,1,389.4,0.9775,1
NER_01155,Nagaland,25.91134,93.58754,2.23,2.23,4.43,23.95,22.82,1988.1,7.37,0,10.0,0.0009,0
NER_01156,Mizoram,22.83014,93.10659,49.41,63.0,416.87,89.64,29.14,604.8,52.45,3,313.6,0.7393,1
NER_01157,Mizoram,22.01386,92.50542,18.01,218.95,374.23,91.49,26.24,1138.3,3.23,3,10.0,0.9994,1
NER_01158,Arunachal Pradesh,28.45086,96.73825,51.36,181.58,615.03,98.0,45.66,2495.5,12.4,1,466.3,0.9997,1
NER_01159,Manipur,25.13037,94.07018,9.71,105.16,510.16,98.0,17.86,876.6,0.34,1,595.3,0.9791,1
NER_01160,Meghalaya,25.80855,92.3192,15.2,136.14,528.29,98.0,41.65,756.0,7.88,5,197.4,0.9997,1
NER_01161,Assam (Barak/Dima Hasao),25.77507,93.26937,44.59,147.38,617.88,98.0,19.96,1190.3,6.7,2,503.8,0.9983,1
NER_01162,Manipur,23.91132,94.23741,30.84,30.84,96.21,57.2,29.41,724.9,9.55,1,296.7,0.0408,0
NER_01163,Assam (Barak/Dima Hasao),25.09,92.94014,4.61,27.56,276.04,72.1,12.02,1084.3,1.08,1,75.2,0.1561,0
NER_01164,Manipur,24.36756,94.74829,34.51,218.18,635.89,98.0,20.72,1099.8,20.26,8,286.7,0.9997,1
NER_01165,Assam (Barak/Dima Hasao),24.87,93.60485,49.3,185.16,368.12,81.3,23.88,817.8,12.5,0,137.7,0.9837,1
NER_01166,Arunachal Pradesh,29.39427,92.65373,8.93,106.0,307.57,81.63,35.2,2052.6,4.43,0,381.1,0.9161,1
NER_01167,Assam (Barak/Dima Hasao),25.27111,92.90487,47.35,224.68,446.15,98.0,33.89,1106.4,7.4,0,648.7,0.9993,1
NER_01168,Tripura (Jampui Hills),23.92818,92.32881,38.32,38.32,147.92,57.43,23.5,443.6,4.1,2,237.5,0.0906,0
NER_01169,Arunachal Pradesh,29.23216,96.61072,7.74,218.5,490.08,91.79,44.73,2321.0,12.75,2,1254.2,0.9996,1
NER_01170,Tripura (Jampui Hills),24.49164,91.87671,0.34,0.34,48.11,54.8,6.49,773.9,7.24,5,146.8,0.0079,0
NER_01171,Nagaland,26.73494,94.51333,20.13,180.47,608.49,98.0,31.07,1298.8,0.94,0,57.0,0.9997,1
NER_01172,Assam (Barak/Dima Hasao),26.01296,93.24521,4.37,4.37,7.68,44.32,15.89,839.7,13.67,0,1024.6,0.0004,0
NER_01173,Arunachal Pradesh,29.13595,93.67218,19.94,97.67,421.16,97.56,42.34,1620.9,0.39,2,140.2,0.9969,1
NER_01174,Meghalaya,25.22595,90.38065,5.87,12.28,56.41,54.42,36.72,2460.6,2.69,1,362.4,0.0346,0
NER_01175,Assam (Barak/Dima Hasao),25.86982,92.84005,1.36,13.88,22.77,22.55,13.61,595.4,10.85,1,10.0,0.0008,0
NER_01176,Sikkim,27.72056,88.0547,34.27,157.95,202.89,63.74,50.41,2512.3,3.92,0,10.6,0.9767,1
NER_01177,Mizoram,22.745,92.85438,23.05,23.05,467.42,98.0,33.41,923.6,17.94,0,65.2,0.8784,1
NER_01178,Assam (Barak/Dima Hasao),25.41676,93.20722,15.88,165.76,357.51,87.74,20.85,601.7,4.43,8,81.7,0.9989,1
NER_01179,Mizoram,24.03057,93.25481,50.25,159.4,482.31,98.0,26.14,779.4,7.73,1,383.4,0.9968,1
NER_01180,Meghalaya,25.23238,91.16948,29.27,110.76,404.6,93.44,24.18,811.7,16.58,2,407.3,0.9607,1
NER_01181,Sikkim,27.33668,88.88676,6.34,6.34,13.95,50.16,24.07,2273.3,14.54,0,457.7,0.0021,0
NER_01182,Assam (Barak/Dima Hasao),25.79466,92.74504,10.0,68.61,455.17,98.0,28.1,949.4,6.51,0,149.2,0.9571,1
NER_01183,Sikkim,27.43109,88.73522,10.89,145.07,590.92,98.0,46.44,2685.2,32.79,1,180.7,0.9992,1
NER_01184,Meghalaya,25.11341,90.49006,35.46,219.76,478.32,98.0,33.25,1353.4,9.41,1,142.3,0.9997,1
NER_01185,Tripura (Jampui Hills),24.21487,91.87302,17.34,178.01,612.0,98.0,9.87,150.0,1.68,1,24.4,0.9988,1
NER_01186,Mizoram,23.567,92.30206,2.47,16.04,11.7,50.32,27.2,1191.9,5.27,1,347.7,0.0086,0
NER_01187,Meghalaya,25.13138,90.39567,52.48,198.51,653.06,98.0,32.24,1326.9,14.43,1,50.3,0.9997,1
NER_01188,Sikkim,27.99323,88.04147,6.94,9.82,22.26,44.81,32.91,1422.1,3.95,0,19.2,0.0107,0
NER_01189,Mizoram,24.46563,92.2019,34.6,154.19,203.07,70.81,37.86,865.5,4.07,3,620.2,0.9624,1
NER_01190,Mizoram,23.01773,92.85788,29.98,151.56,534.77,98.0,28.64,1411.9,6.11,1,243.1,0.9984,1
NER_01191,Meghalaya,25.52523,92.78502,6.11,55.64,289.73,74.89,29.14,1154.0,7.62,1,115.9,0.6178,1
NER_01192,Assam (Barak/Dima Hasao),24.83272,93.33258,32.6,206.09,520.06,98.0,39.1,1433.9,1.14,4,361.0,0.9997,1
NER_01193,Meghalaya,25.59797,89.81753,52.74,90.51,261.97,72.74,26.95,2200.4,3.68,0,18.9,0.7009,1
NER_01194,Tripura (Jampui Hills),23.79079,91.85413,9.67,194.38,514.62,98.0,19.87,150.0,3.89,0,19.4,0.9988,1
NER_01195,Manipur,24.62791,93.31865,2.11,22.04,54.8,45.6,35.76,1706.1,3.25,1,149.1,0.033,0
NER_01196,Manipur,23.99995,93.99639,8.7,15.65,305.74,77.31,44.68,937.7,14.34,0,142.8,0.5661,0
NER_01197,Tripura (Jampui Hills),24.3305,92.22618,3.67,10.25,57.04,27.39,34.56,673.8,0.52,1,648.7,0.0054,0
NER_01198,Tripura (Jampui Hills),24.49188,92.10186,50.36,124.23,447.61,95.77,30.82,333.8,17.47,4,82.1,0.9967,1
NER_01199,Tripura (Jampui Hills),23.74037,91.88175,20.63,123.33,179.84,68.98,19.44,252.2,21.74,4,396.0,0.5825,1
NER_01200,Sikkim,27.10061,88.51692,0.65,2.15,11.16,50.8,50.2,2113.1,14.86,4,28.9,0.1035,0
NER_01201,Mizoram,24.36221,93.23463,0.04,14.84,40.83,36.94,14.46,1470.5,1.17,0,155.1,0.002,0
NER_01202,Meghalaya,25.88953,91.52201,4.44,13.05,24.79,27.47,26.59,1983.0,9.61,0,259.5,0.0017,0
NER_01203,Arunachal Pradesh,26.89452,93.04255,3.79,12.87,8.48,48.17,56.77,2416.2,4.27,2,800.6,0.0684,0
NER_01204,Meghalaya,25.2919,92.11154,0.55,10.08,41.08,51.23,32.36,1293.6,3.23,0,372.6,0.0115,0
NER_01205,Arunachal Pradesh,27.81355,94.64411,4.06,76.43,351.98,84.27,46.92,2398.0,16.41,0,188.7,0.9421,1
NER_01206,Nagaland,26.80379,95.0688,6.8,19.94,37.84,34.21,37.54,996.6,27.45,0,64.6,0.0046,0
NER_01207,Sikkim,27.36393,88.04777,10.45,33.01,495.43,93.99,37.76,2570.3,9.76,1,149.0,0.964,1
NER_01208,Sikkim,27.65347,88.48676,7.12,16.65,36.01,23.49,30.34,2790.2,0.91,1,300.9,0.0046,0
NER_01209,Meghalaya,25.51643,91.32253,5.49,11.13,23.34,26.2,22.7,1751.1,9.28,0,409.3,0.0009,0
NER_01210,Assam (Barak/Dima Hasao),25.80392,93.01933,9.17,15.15,82.36,50.87,25.69,1484.1,21.53,2,21.7,0.0144,0
NER_01211,Arunachal Pradesh,29.11577,91.85713,11.7,63.28,417.05,98.0,44.98,2827.5,13.39,4,20.6,0.995,1
NER_01212,Nagaland,25.99228,94.99213,33.53,58.03,146.14,66.99,29.83,1862.9,0.36,3,26.3,0.5092,0
NER_01213,Arunachal Pradesh,28.43174,96.98073,5.41,5.41,18.24,27.11,44.58,2223.0,0.39,8,84.9,0.1506,0
NER_01214,Meghalaya,25.1027,90.84463,1.61,1.61,32.57,51.85,17.36,2158.8,4.47,1,299.9,0.0036,0
NER_01215,Arunachal Pradesh,29.1415,95.1996,3.1,8.51,2.74,21.16,34.95,2830.1,3.4,2,600.1,0.0031,0
NER_01216,Tripura (Jampui Hills),24.06939,92.14657,27.31,138.02,490.72,98.0,30.05,351.3,4.48,4,434.7,0.9987,1
NER_01217,Mizoram,24.4899,92.80114,7.67,7.67,41.93,50.17,28.41,1005.5,17.64,0,53.9,0.0057,0
NER_01218,Assam (Barak/Dima Hasao),25.48709,93.02777,1.82,1.82,12.75,28.93,27.04,559.1,3.18,0,250.5,0.0017,0
NER_01219,Manipur,24.34315,93.82688,2.65,5.47,13.28,23.33,27.64,1628.2,7.91,2,212.6,0.0025,0
NER_01220,Sikkim,27.62845,88.57884,2.03,13.89,24.84,20.49,51.41,1721.5,0.38,0,253.5,0.0148,0
NER_01221,Meghalaya,25.17955,90.97775,6.03,23.09,27.39,54.86,32.91,1612.5,21.0,0,283.6,0.0093,0
NER_01222,Tripura (Jampui Hills),23.82328,92.13936,24.21,66.96,476.39,98.0,22.15,825.5,10.68,2,93.4,0.9652,1
NER_01223,Manipur,24.66939,93.6367,44.46,219.15,300.69,84.63,22.67,1219.4,32.74,4,296.8,0.992,1
NER_01224,Mizoram,23.75561,92.86088,4.27,4.27,21.15,47.5,34.02,1585.7,25.25,0,396.5,0.0028,0
NER_01225,Tripura (Jampui Hills),24.22279,92.21184,33.19,138.8,205.5,66.45,11.2,429.2,11.86,1,59.4,0.4911,0
NER_01226,Tripura (Jampui Hills),23.66748,92.21444,5.59,11.97,45.94,50.03,33.82,244.8,9.87,2,370.8,0.0201,0
NER_01227,Assam (Barak/Dima Hasao),25.65212,92.7164,7.96,21.66,39.44,24.83,31.34,1133.9,1.51,1,100.8,0.0078,0
NER_01228,Tripura (Jampui Hills),23.66251,91.83238,15.35,164.06,264.03,74.5,14.41,150.0,6.15,2,456.1,0.8829,1
NER_01229,Tripura (Jampui Hills),24.4874,92.1929,5.68,23.91,34.64,44.54,17.58,150.0,15.74,2,17.1,0.0057,0
NER_01230,Sikkim,27.14034,88.57064,51.31,113.75,305.38,80.86,45.18,2157.0,10.03,0,478.3,0.9539,1
NER_01231,Mizoram,22.00771,93.13222,20.26,168.49,569.69,98.0,26.04,1320.8,3.27,0,73.1,0.9991,1
NER_01232,Mizoram,24.33075,92.72796,7.93,17.09,39.11,23.14,21.23,1301.2,7.03,2,63.5,0.0031,0
NER_01233,Meghalaya,25.52271,90.93436,46.63,191.66,340.31,85.36,18.1,901.1,1.39,2,189.2,0.9926,1
NER_01234,Assam (Barak/Dima Hasao),25.34863,92.71117,53.35,106.32,534.48,98.0,7.32,1453.4,22.36,1,10.0,0.9485,1
NER_01235,Assam (Barak/Dima Hasao),25.44471,93.5544,18.07,103.59,296.34,78.61,30.85,501.1,9.64,4,22.0,0.9642,1
NER_01236,Sikkim,27.48507,88.38834,16.92,16.92,338.17,84.61,52.86,2802.9,7.42,0,63.6,0.8885,1
NER_01237,Manipur,25.40837,93.69361,5.91,16.64,55.18,52.93,12.4,1406.1,0.74,5,73.8,0.0285,0
NER_01238,Arunachal Pradesh,27.29967,92.40783,34.74,236.92,694.59,98.0,34.45,1896.5,8.09,5,190.8,0.9997,1
NER_01239,Mizoram,23.78332,93.28893,40.17,196.12,625.44,98.0,9.27,1058.6,6.77,1,62.3,0.9991,1
NER_01240,Nagaland,26.90502,95.15081,44.87,60.52,457.38,98.0,38.33,1851.8,0.47,1,63.7,0.9889,1
NER_01241,Tripura (Jampui Hills),23.90567,92.02432,26.04,75.43,254.3,70.8,23.64,525.1,5.03,2,619.6,0.4742,0
NER_01242,Nagaland,26.49914,95.09121,22.49,238.0,389.89,90.6,42.03,1318.2,1.78,5,143.4,0.9997,1
NER_01243,Meghalaya,25.48782,92.51783,34.77,89.71,497.16,98.0,16.56,1574.9,2.69,0,299.1,0.9563,1
NER_01244,Meghalaya,25.83329,90.35609,50.9,115.5,196.28,78.62,27.98,1531.4,12.35,1,120.0,0.7671,1
NER_01245,Mizoram,22.85665,93.06089,4.67,23.84,39.04,28.67,31.55,1513.4,3.89,4,84.2,0.0263,0
NER_01246,Assam (Barak/Dima Hasao),25.94321,92.9214,52.94,188.32,320.02,87.33,23.44,610.0,10.14,0,209.0,0.9829,1
NER_01247,Sikkim,27.03299,88.58105,1.99,1.99,43.79,52.07,36.74,1735.3,6.05,1,45.7,0.026,0
NER_01248,Arunachal Pradesh,26.96926,93.67649,5.2,6.49,50.65,43.75,49.15,2538.3,18.13,1,590.7,0.0178,0
NER_01249,Tripura (Jampui Hills),23.694,92.37892,49.96,181.94,278.36,75.81,34.33,150.0,9.03,2,132.3,0.9907,1
NER_01250,Arunachal Pradesh,27.72021,92.66988,25.28,95.35,193.98,68.36,43.11,2923.2,0.51,3,647.6,0.8765,1
NER_01251,Sikkim,28.02033,88.33074,2.47,4.45,7.68,31.19,30.19,1727.8,0.37,0,41.2,0.0036,0
NER_01252,Mizoram,22.21178,92.23176,0.69,13.23,37.65,54.77,22.56,2194.3,9.43,0,626.7,0.0036,0
NER_01253,Mizoram,22.21622,92.6537,35.45,160.1,449.12,95.15,21.99,1718.0,5.84,1,592.4,0.9918,1
NER_01254,Arunachal Pradesh,29.39908,93.61349,39.06,188.44,417.66,90.56,42.65,3059.8,1.92,0,46.3,0.9993,1
NER_01255,Manipur,23.80271,93.65446,28.89,65.99,288.06,85.11,14.35,1201.3,17.98,3,380.7,0.4862,1
NER_01256,Sikkim,27.60635,88.4132,0.31,20.74,11.99,20.5,36.23,1803.9,5.51,5,361.5,0.0176,0
NER_01257,Assam (Barak/Dima Hasao),24.93969,93.40273,47.53,56.15,126.49,56.02,23.36,1822.0,2.01,5,283.1,0.2697,0
NER_01258,Assam (Barak/Dima Hasao),26.09226,93.56686,47.66,47.66,518.51,98.0,17.2,684.2,4.12,0,146.1,0.9067,1
NER_01259,Manipur,25.54732,93.91504,5.74,21.45,33.96,43.28,25.14,655.9,2.76,8,106.2,0.1107,0
NER_01260,Manipur,24.13941,94.72504,14.84,162.62,597.72,98.0,16.7,778.1,13.77,2,1242.5,0.994,1
NER_01261,Tripura (Jampui Hills),24.36449,91.94679,37.46,201.23,234.07,73.93,22.73,444.0,0.46,1,393.7,0.9692,1
NER_01262,Meghalaya,25.68788,90.77188,14.15,191.52,520.31,98.0,43.42,1985.4,1.99,1,128.2,0.9997,1
NER_01263,Tripura (Jampui Hills),24.15685,92.03167,5.57,54.21,366.01,98.0,17.17,896.5,5.17,1,72.4,0.8135,1
NER_01264,Meghalaya,25.6096,92.55494,2.57,14.81,12.69,39.15,44.81,1168.4,0.2,4,23.9,0.1007,0
NER_01265,Manipur,23.91438,94.44617,9.21,210.05,463.31,98.0,35.96,1128.7,1.48,5,274.7,0.9997,1
NER_01266,Manipur,24.38421,94.69344,32.02,160.63,373.33,86.35,14.47,809.7,4.5,5,129.2,0.9936,1
NER_01267,Tripura (Jampui Hills),24.3932,91.93879,4.61,11.51,20.35,38.56,19.09,943.8,1.64,1,123.3,0.0035,0
NER_01268,Assam (Barak/Dima Hasao),25.29338,93.67692,40.94,40.94,112.2,53.81,5.0,1624.9,9.24,4,299.6,0.0194,0
NER_01269,Mizoram,21.98028,92.81499,3.25,146.87,335.26,79.94,28.16,680.8,3.26,0,39.1,0.9724,1
NER_01270,Nagaland,26.21347,94.16658,37.27,104.02,273.15,75.08,48.27,1903.1,9.93,0,136.6,0.9449,1
NER_01271,Assam (Barak/Dima Hasao),25.21684,93.12696,2.06,10.67,59.44,31.57,16.63,856.1,22.64,1,56.2,0.0011,0
NER_01272,Mizoram,22.81781,93.03884,7.83,231.65,460.27,95.44,27.55,1220.6,10.75,5,208.1,0.9997,1
NER_01273,Assam (Barak/Dima Hasao),25.11184,92.78824,12.94,51.25,267.33,70.77,14.22,567.3,10.16,0,107.6,0.1441,0
NER_01274,Meghalaya,25.86799,91.64224,25.04,222.59,438.86,96.32,42.83,1120.0,6.56,1,102.1,0.9997,1
NER_01275,Nagaland,26.54159,93.88404,1.94,14.73,45.18,44.7,42.69,1492.8,18.16,2,125.8,0.0316,0
NER_01276,Nagaland,26.24097,93.84167,1.8,17.49,10.28,40.77,38.5,1217.4,4.22,0,355.8,0.0103,0
NER_01277,Manipur,24.95033,93.85865,15.21,208.08,359.4,82.22,24.76,2195.8,8.85,1,368.0,0.9935,1
NER_01278,Sikkim,28.09748,88.68422,20.43,82.81,496.04,98.0,34.99,2247.7,1.52,3,358.5,0.9958,1
NER_01279,Arunachal Pradesh,27.91785,95.01363,9.86,83.49,531.49,98.0,55.77,2731.3,2.24,0,81.5,0.9989,1
NER_01280,Sikkim,27.90526,88.12729,30.02,208.16,627.1,98.0,37.33,1826.1,1.17,0,330.9,0.9997,1
NER_01281,Tripura (Jampui Hills),24.46384,92.13323,15.75,96.11,260.37,80.09,16.72,150.0,20.48,2,722.3,0.4029,1
NER_01282,Assam (Barak/Dima Hasao),25.1098,92.60147,41.27,106.66,556.42,98.0,34.44,547.7,0.39,0,552.4,0.9956,1
NER_01283,Nagaland,25.5296,94.0725,23.0,170.96,561.41,98.0,36.42,1456.7,2.11,1,216.5,0.9997,1
NER_01284,Sikkim,27.03594,88.71232,10.11,184.48,646.15,98.0,51.03,2158.4,9.92,4,210.5,0.9997,1
NER_01285,Tripura (Jampui Hills),23.93815,91.97163,21.43,135.73,521.85,98.0,16.33,347.5,0.31,0,95.9,0.9928,1
NER_01286,Manipur,25.34863,94.0971,1.07,18.97,11.94,54.79,26.3,1491.1,1.6,2,327.2,0.0186,0
NER_01287,Mizoram,21.92423,92.21949,25.37,59.39,273.12,77.52,24.33,1657.4,0.91,0,10.0,0.5601,0
NER_01288,Tripura (Jampui Hills),23.8652,92.28947,1.39,6.23,44.9,42.46,15.41,210.0,11.97,2,106.7,0.003,0
NER_01289,Meghalaya,25.94741,90.31912,44.0,75.94,519.0,98.0,35.63,1463.5,11.74,3,46.8,0.9958,1
NER_01290,Nagaland,26.02521,95.09844,44.24,51.68,155.22,60.89,40.02,806.6,12.76,4,10.0,0.5747,1
NER_01291,Assam (Barak/Dima Hasao),26.08281,92.86252,15.8,170.47,344.97,82.66,41.91,1080.8,11.98,0,623.3,0.9893,1
NER_01292,Manipur,25.55875,93.09008,6.98,15.72,20.37,22.24,20.85,1485.4,6.16,4,41.8,0.005,0
NER_01293,Sikkim,27.88293,88.52644,27.73,181.39,637.61,98.0,34.63,1834.9,11.36,0,73.5,0.9997,1
NER_01294,Meghalaya,25.81499,90.09919,24.04,93.0,432.76,98.0,24.93,2360.6,1.02,1,180.1,0.9797,1
NER_01295,Sikkim,27.73657,88.80177,10.01,156.59,288.08,90.19,45.97,1938.5,0.41,3,86.1,0.9986,1
NER_01296,Arunachal Pradesh,27.03461,93.41004,13.68,102.26,246.79,69.02,56.55,3112.2,5.45,0,38.3,0.9632,1
NER_01297,Manipur,23.84078,94.54288,52.78,212.79,414.92,98.0,30.6,1258.2,1.55,2,288.9,0.9996,1
NER_01298,Mizoram,22.42613,92.54788,2.62,149.82,594.93,98.0,21.99,936.9,14.34,0,459.1,0.9955,1
NER_01299,Manipur,23.81962,93.67354,15.64,192.31,423.99,94.94,21.74,477.6,9.23,0,363.2,0.9946,1
NER_01300,Mizoram,22.31589,93.25318,32.06,53.36,493.78,98.0,24.56,1176.8,2.5,1,172.3,0.9619,1
NER_01301,Meghalaya,25.89724,90.84787,0.57,3.77,17.15,52.34,46.17,1765.7,1.15,2,212.6,0.0675,0
NER_01302,Assam (Barak/Dima Hasao),25.10571,92.71229,23.66,177.05,276.42,81.88,17.74,1363.2,9.66,1,143.1,0.9539,1
NER_01303,Manipur,23.88122,93.67857,36.7,61.07,139.21,65.04,15.23,941.9,5.78,2,200.3,0.1104,0
NER_01304,Sikkim,27.04797,88.51651,11.16,49.16,506.55,98.0,41.83,1971.0,15.48,0,257.1,0.9748,1
NER_01305,Meghalaya,25.74011,91.41498,19.32,186.8,266.19,72.37,38.9,1742.3,6.14,8,88.4,0.9992,1
NER_01306,Sikkim,27.42841,88.88994,25.44,128.06,577.65,98.0,38.01,1437.9,8.96,0,122.9,0.9987,1
NER_01307,Arunachal Pradesh,28.82782,97.25858,17.7,112.95,201.14,66.04,40.97,2389.1,16.34,2,373.0,0.8148,1
NER_01308,Manipur,25.15823,93.78501,44.18,152.64,421.99,98.0,30.18,1224.8,1.62,0,16.5,0.9967,1
NER_01309,Meghalaya,25.18104,92.3881,10.53,170.4,243.84,77.34,41.51,694.5,4.17,2,940.5,0.9816,1
NER_01310,Meghalaya,25.76182,89.85971,1.56,1.56,20.87,25.65,33.83,1817.6,4.22,2,341.7,0.0046,0
NER_01311,Assam (Barak/Dima Hasao),25.06397,92.63491,2.84,13.75,0.11,44.12,22.79,861.0,13.27,0,543.5,0.0014,0
NER_01312,Manipur,25.05397,94.0162,14.04,113.13,252.96,84.11,25.59,1009.6,4.06,2,44.8,0.9263,1
NER_01313,Assam (Barak/Dima Hasao),25.74244,93.73587,50.39,213.74,677.3,98.0,5.0,960.0,4.19,2,176.1,0.9997,1
NER_01314,Assam (Barak/Dima Hasao),25.04785,93.13683,12.66,164.36,550.36,98.0,24.16,1257.0,26.85,0,904.3,0.9889,1
NER_01315,Mizoram,22.80825,92.4242,7.62,23.52,1.19,36.88,42.19,1148.0,0.52,1,308.0,0.022,0
NER_01316,Sikkim,27.46474,88.56623,42.83,162.19,312.07,87.26,23.52,1837.8,0.2,4,193.2,0.9941,1
NER_01317,Tripura (Jampui Hills),24.1067,92.37391,38.72,134.98,276.11,74.69,34.96,1199.4,9.49,1,225.0,0.9452,1
NER_01318,Sikkim,28.08974,88.73972,32.46,53.43,474.88,98.0,46.54,2432.7,3.68,5,127.4,0.9982,1
NER_01319,Arunachal Pradesh,27.84465,93.34829,42.49,112.91,429.32,95.74,30.39,2576.5,24.36,0,63.2,0.9704,1
NER_01320,Sikkim,27.48956,88.56466,0.17,14.35,23.78,20.13,19.27,2546.1,4.4,8,90.8,0.0158,0
NER_01321,Tripura (Jampui Hills),23.80699,92.20783,44.51,129.54,520.77,98.0,29.75,588.5,7.69,1,130.1,0.9972,1
NER_01322,Meghalaya,25.46986,90.5276,17.53,134.97,613.73,98.0,37.77,989.6,7.95,0,330.2,0.999,1
NER_01323,Sikkim,27.87157,88.15,1.12,24.66,9.84,36.05,36.92,1738.1,16.69,0,46.9,0.0071,0
NER_01324,Nagaland,26.19518,95.01329,30.6,64.82,345.15,87.13,22.44,1998.3,2.52,3,111.0,0.9036,1
NER_01325,Sikkim,27.36287,88.27461,3.33,24.87,33.2,50.29,42.51,1735.1,7.72,2,75.9,0.0802,1
NER_01326,Tripura (Jampui Hills),24.2883,92.34912,33.61,148.24,569.49,98.0,25.95,680.9,9.11,2,356.5,0.9985,1
NER_01327,Arunachal Pradesh,27.66221,92.08255,0.41,7.35,26.93,46.64,40.67,2564.1,13.97,5,273.4,0.0573,0
NER_01328,Sikkim,27.71899,88.47774,4.52,98.78,438.35,98.0,49.59,2631.1,13.02,0,249.3,0.9946,1
NER_01329,Nagaland,25.74543,95.14096,6.55,13.97,55.75,33.1,43.2,1895.7,0.35,1,273.6,0.0258,0
NER_01330,Sikkim,27.41561,88.70866,11.76,224.8,600.45,98.0,43.59,2451.8,3.38,1,514.4,0.9997,1
NER_01331,Mizoram,22.46018,92.96224,19.26,136.77,474.9,97.45,26.33,969.1,0.24,1,163.7,0.9964,1
NER_01332,Assam (Barak/Dima Hasao),25.25676,92.63494,1.75,7.19,43.72,25.82,26.93,490.4,2.04,0,443.6,0.0018,0
NER_01333,Sikkim,27.00366,88.22422,1.15,5.92,46.73,53.95,42.0,2383.9,0.77,3,662.3,0.0605,0
NER_01334,Assam (Barak/Dima Hasao),25.88136,93.2505,18.18,53.47,346.47,84.65,17.51,665.0,3.4,0,281.1,0.5224,0
NER_01335,Arunachal Pradesh,26.80421,92.19394,2.91,13.23,38.2,40.98,34.46,2136.4,7.64,1,14.1,0.0154,0
NER_01336,Tripura (Jampui Hills),23.80726,92.08297,7.94,182.25,541.77,98.0,19.85,652.6,3.53,0,144.2,0.9985,1
NER_01337,Tripura (Jampui Hills),23.61908,92.14835,23.25,23.25,157.36,67.12,12.57,150.0,4.92,0,470.0,0.0166,0
NER_01338,Assam (Barak/Dima Hasao),24.9164,93.60252,23.42,23.42,266.92,73.6,25.12,638.2,8.27,4,983.1,0.2581,1
NER_01339,Meghalaya,25.41736,90.32226,5.53,7.84,7.33,34.3,26.27,1328.9,2.69,1,50.8,0.0043,0
NER_01340,Mizoram,24.30911,93.07473,17.5,110.59,355.86,91.7,13.8,1278.9,5.74,0,207.8,0.8591,1
NER_01341,Tripura (Jampui Hills),24.24231,92.36011,2.06,3.41,36.28,33.16,12.28,263.4,21.52,8,63.6,0.0068,0
NER_01342,Nagaland,26.949,93.94876,32.6,139.67,385.53,87.11,30.03,1095.9,12.5,2,29.7,0.9904,1
NER_01343,Mizoram,24.06492,93.02051,22.66,79.69,402.43,92.77,27.83,1350.8,0.71,1,272.3,0.9573,1
NER_01344,Tripura (Jampui Hills),24.08284,92.06282,7.56,8.71,31.19,45.97,9.22,150.0,13.89,4,99.6,0.0038,0
NER_01345,Sikkim,27.19707,88.06431,30.03,31.65,123.59,54.26,31.11,2186.5,6.19,2,271.6,0.0858,0
NER_01346,Tripura (Jampui Hills),24.39871,92.07727,37.25,37.25,186.89,59.88,33.42,302.0,6.03,4,76.2,0.4481,1
NER_01347,Assam (Barak/Dima Hasao),26.17486,92.64674,32.64,135.68,514.6,98.0,30.87,865.8,0.24,1,104.5,0.9984,1
NER_01348,Tripura (Jampui Hills),24.33429,91.84787,40.17,221.31,686.04,98.0,27.68,477.8,0.2,3,334.7,0.9997,1
NER_01349,Tripura (Jampui Hills),24.07709,92.02224,2.24,2.24,49.74,37.66,16.03,1076.3,20.68,1,62.4,0.0012,0
NER_01350,Tripura (Jampui Hills),24.46118,91.80713,6.23,144.53,528.8,98.0,34.33,780.4,1.08,1,342.7,0.9989,1
NER_01351,Manipur,25.42038,94.77257,28.29,28.29,297.29,83.57,23.42,1639.6,3.03,0,321.4,0.3447,0
NER_01352,Sikkim,27.31175,88.0549,1.65,19.88,31.86,46.51,21.08,2381.9,4.94,1,590.5,0.0043,0
NER_01353,Tripura (Jampui Hills),23.57887,92.21412,30.86,173.47,485.45,98.0,24.68,150.0,6.72,0,69.3,0.9978,1
NER_01354,Assam (Barak/Dima Hasao),24.92649,93.38602,20.92,146.58,432.22,97.48,20.53,1321.7,0.72,0,121.9,0.991,1
NER_01355,Mizoram,22.92151,93.01461,24.36,207.43,482.55,98.0,25.68,1406.9,5.68,0,166.5,0.9991,1
NER_01356,Assam (Barak/Dima Hasao),25.3738,92.98036,7.15,17.07,4.59,41.82,24.02,999.7,0.69,3,74.1,0.0139,0
NER_01357,Arunachal Pradesh,28.40382,92.72843,5.35,24.08,2.25,39.14,25.79,2437.0,20.11,1,77.2,0.0035,0
NER_01358,Mizoram,21.92151,92.37125,30.03,167.2,401.18,87.25,21.75,1402.5,21.7,1,27.0,0.9836,1
NER_01359,Sikkim,27.63288,88.51762,0.03,15.67,41.52,26.08,32.26,2649.3,2.41,2,623.6,0.0056,0
NER_01360,Nagaland,26.88927,94.26738,41.68,202.07,379.97,80.52,37.93,1577.5,11.23,1,483.9,0.9971,1
NER_01361,Tripura (Jampui Hills),23.62329,91.95953,38.77,38.77,241.46,72.92,24.25,1141.2,4.42,1,205.2,0.2874,0
NER_01362,Mizoram,22.69317,92.44992,13.79,183.17,645.98,98.0,44.25,713.6,0.54,1,198.7,0.9997,1
NER_01363,Assam (Barak/Dima Hasao),25.19755,93.16485,4.1,23.55,20.95,42.29,30.82,776.6,2.12,0,10.0,0.0125,0
NER_01364,Sikkim,27.20492,88.11494,4.26,4.26,52.19,41.39,42.72,2432.9,1.46,0,75.9,0.0239,0
NER_01365,Arunachal Pradesh,27.85063,92.3037,13.4,173.43,248.3,72.52,41.15,2921.7,0.2,2,170.7,0.9928,1
NER_01366,Meghalaya,25.15355,91.24816,40.98,119.76,414.09,93.17,63.25,1264.0,8.05,0,347.2,0.9986,1
NER_01367,Assam (Barak/Dima Hasao),26.17615,93.71177,16.05,47.43,207.76,75.48,18.56,628.1,1.56,0,171.3,0.1824,0
NER_01368,Assam (Barak/Dima Hasao),24.93955,93.247,26.31,26.31,61.71,51.47,15.74,672.5,2.92,1,26.1,0.0118,0
NER_01369,Manipur,23.90657,94.67394,2.88,18.04,4.2,34.32,28.42,1000.0,3.27,3,124.0,0.0118,0
NER_01370,Sikkim,27.01097,88.41836,3.69,24.14,1.56,41.54,36.24,2139.5,0.81,0,101.4,0.0155,0
NER_01371,Sikkim,27.71978,88.1545,9.55,32.0,237.43,80.08,43.06,2349.9,13.41,1,339.9,0.5673,1
NER_01372,Nagaland,26.53827,94.80546,14.98,16.41,161.99,64.42,46.12,1694.0,1.46,3,833.9,0.32,1
NER_01373,Manipur,25.3676,94.36724,13.38,18.46,202.51,62.15,23.77,1777.3,18.61,0,38.9,0.0385,0
NER_01374,Sikkim,27.64168,88.27458,20.72,56.09,374.79,81.97,30.09,2517.9,5.15,0,239.9,0.789,1
NER_01375,Manipur,24.69362,93.14203,21.03,228.3,630.53,98.0,11.76,1258.4,10.19,0,882.3,0.9988,1
NER_01376,Meghalaya,25.19567,91.80224,39.27,213.19,690.2,98.0,30.91,1008.8,6.97,3,46.8,0.9997,1
NER_01377,Assam (Barak/Dima Hasao),25.15742,93.2784,28.23,28.23,62.58,51.04,29.03,150.0,5.77,1,60.2,0.0313,0
NER_01378,Mizoram,23.03964,92.98882,0.35,3.27,26.23,34.13,36.44,2284.9,0.93,0,86.2,0.0076,0
NER_01379,Mizoram,22.9219,93.35434,52.38,113.34,345.41,79.74,26.36,665.4,12.31,5,81.6,0.979,1
NER_01380,Meghalaya,25.3016,92.69639,28.06,52.46,417.03,97.67,25.91,1571.3,1.66,2,10.0,0.9605,1
NER_01381,Arunachal Pradesh,26.50447,92.74882,14.68,175.72,387.21,93.2,40.09,2628.5,0.2,1,71.5,0.9991,1
NER_01382,Sikkim,27.00369,88.46898,6.89,145.42,560.56,98.0,39.32,1685.0,0.75,0,130.3,0.9994,1
NER_01383,Mizoram,22.26105,92.79337,3.11,18.5,37.07,38.96,23.89,1802.5,6.98,1,371.1,0.0044,0
NER_01384,Nagaland,26.17799,94.90103,24.14,24.14,64.52,57.59,29.01,2183.0,19.24,1,2000.0,0.0022,0
NER_01385,Nagaland,26.43173,93.77318,37.09,213.54,386.79,86.9,37.98,1622.5,14.42,5,21.5,0.9997,1
NER_01386,Manipur,25.24254,94.73313,14.68,96.68,272.45,90.2,25.06,710.7,1.68,0,470.7,0.8044,1
NER_01387,Sikkim,27.49113,88.33756,7.06,114.36,466.62,97.25,27.18,1955.8,2.67,4,79.8,0.9976,1
NER_01388,Sikkim,27.89112,88.63571,53.31,149.2,524.38,98.0,35.79,2029.9,5.66,4,264.3,0.9996,1
NER_01389,Assam (Barak/Dima Hasao),24.99703,93.24323,12.21,220.37,537.1,98.0,20.57,749.2,2.43,0,36.5,0.9996,1
NER_01390,Tripura (Jampui Hills),23.5174,91.9768,51.73,138.51,477.49,98.0,40.47,696.1,11.81,5,200.6,0.9996,1
NER_01391,Arunachal Pradesh,27.53785,91.60739,3.25,27.46,249.37,80.45,32.39,1871.7,0.97,0,156.2,0.4485,0
NER_01392,Tripura (Jampui Hills),23.58667,91.85384,0.72,15.68,4.12,21.03,25.9,1232.2,1.79,4,209.7,0.0061,0
NER_01393,Arunachal Pradesh,26.53459,95.91257,0.37,6.46,22.91,50.64,28.47,2274.3,24.94,2,327.8,0.005,0
NER_01394,Manipur,25.65909,93.75413,40.12,68.23,262.91,83.5,31.16,1210.6,3.86,5,28.3,0.9471,1
NER_01395,Mizoram,24.4065,92.57095,2.54,13.37,9.79,23.55,33.93,943.9,3.44,5,21.7,0.0222,0
NER_01396,Tripura (Jampui Hills),24.16818,91.90996,7.62,23.3,46.99,49.96,19.25,610.1,3.98,1,414.2,0.0071,0
NER_01397,Meghalaya,25.96075,91.6642,45.98,155.3,398.28,89.36,5.0,1899.1,15.3,1,484.9,0.8965,1
NER_01398,Arunachal Pradesh,26.54513,93.97669,2.18,3.14,18.79,27.33,31.92,3260.8,2.89,1,1256.0,0.0011,0
NER_01399,Assam (Barak/Dima Hasao),26.03019,93.55546,1.31,15.12,45.07,28.99,17.3,150.0,1.31,0,253.5,0.0015,0
NER_01400,Sikkim,28.06689,88.59393,4.4,12.33,11.73,38.59,31.55,2146.1,13.65,2,26.6,0.0087,0
NER_01401,Sikkim,27.94289,88.38613,29.39,55.22,114.37,62.98,45.24,2073.4,7.07,0,518.7,0.2369,0
NER_01402,Assam (Barak/Dima Hasao),25.55158,93.8903,4.54,4.54,9.66,30.89,9.06,1200.3,0.2,3,424.0,0.0011,0
NER_01403,Nagaland,25.34807,94.67979,1.92,10.6,49.43,24.98,35.04,1597.5,9.85,0,236.2,0.0036,0
NER_01404,Assam (Barak/Dima Hasao),24.87402,92.58184,6.25,150.99,612.07,98.0,42.22,2083.5,1.8,1,200.0,0.9997,1
NER_01405,Nagaland,26.85417,94.2022,43.38,161.75,378.48,92.01,32.84,1641.3,9.37,2,222.7,0.9963,1
NER_01406,Assam (Barak/Dima Hasao),26.03775,92.71782,2.28,6.46,34.91,54.24,32.4,721.1,10.05,5,1167.4,0.0187,0
NER_01407,Arunachal Pradesh,29.10201,97.02759,10.82,41.86,284.51,69.25,39.51,2484.1,25.4,0,103.0,0.3777,0
NER_01408,Sikkim,27.51884,88.70145,43.3,139.32,399.71,91.98,34.78,2089.3,2.06,0,134.3,0.9937,1
NER_01409,Manipur,24.04658,93.36504,6.7,13.39,29.11,21.41,15.5,718.6,8.04,1,164.0,0.0009,0
NER_01410,Meghalaya,25.9097,89.82092,2.78,210.1,465.33,96.52,35.38,919.6,8.96,2,114.1,0.9997,1
NER_01411,Manipur,24.20525,93.71147,20.68,165.5,367.59,98.0,17.11,1513.8,1.04,1,389.4,0.9879,1
NER_01412,Assam (Barak/Dima Hasao),25.73293,92.52789,21.33,206.18,647.66,98.0,28.28,175.0,3.53,1,292.9,0.9997,1
NER_01413,Arunachal Pradesh,26.66476,92.19264,51.87,59.47,110.35,60.57,23.56,2319.7,1.26,0,163.6,0.0857,0
NER_01414,Nagaland,26.80702,93.59743,28.68,79.93,494.8,98.0,43.14,992.5,9.5,2,501.9,0.9945,1
NER_01415,Assam (Barak/Dima Hasao),25.64096,93.63329,44.8,122.16,316.29,78.94,25.27,886.6,2.08,0,114.8,0.914,1
NER_01416,Assam (Barak/Dima Hasao),25.7776,93.06599,2.91,35.41,66.82,59.24,25.79,471.1,16.18,2,100.1,0.0389,0
NER_01417,Assam (Barak/Dima Hasao),25.16341,93.89108,41.46,70.53,252.16,75.81,34.32,150.0,7.04,1,799.5,0.5627,0
NER_01418,Meghalaya,25.22313,92.11129,20.09,141.63,399.64,92.66,48.3,913.1,3.2,0,66.7,0.9982,1
NER_01419,Sikkim,27.83867,88.73089,42.9,181.08,656.93,98.0,46.73,1921.1,3.87,0,386.3,0.9997,1
NER_01420,Tripura (Jampui Hills),23.96856,91.82201,36.57,101.46,250.07,67.99,23.83,673.2,4.94,0,173.3,0.5738,1
NER_01421,Sikkim,27.23816,88.43801,2.59,21.01,30.2,36.07,35.46,2099.2,0.2,0,146.0,0.0126,0
NER_01422,Sikkim,27.1782,88.15548,54.84,139.88,545.13,98.0,44.07,2159.9,9.25,1,39.9,0.9995,1
NER_01423,Assam (Barak/Dima Hasao),25.15094,92.5144,5.16,5.16,20.3,53.84,18.97,431.2,1.85,1,17.5,0.0071,0
NER_01424,Assam (Barak/Dima Hasao),25.76828,93.00139,44.26,216.58,558.92,98.0,37.43,1349.6,4.51,1,161.2,0.9997,1
NER_01425,Mizoram,22.35855,93.03271,27.14,202.7,580.11,98.0,27.75,1330.7,2.41,0,10.0,0.9997,1
NER_01426,Meghalaya,25.96129,90.78212,5.89,8.04,27.01,37.51,37.78,1063.3,2.38,0,53.3,0.0114,0
NER_01427,Tripura (Jampui Hills),24.21068,92.00656,3.81,6.49,50.7,50.11,29.52,1255.3,7.07,3,69.0,0.0287,0
NER_01428,Manipur,24.66534,93.37124,5.21,20.9,49.81,37.15,33.21,1191.1,23.02,0,27.3,0.0055,0
NER_01429,Tripura (Jampui Hills),23.60661,91.89863,0.26,10.1,33.21,26.15,20.97,369.7,17.17,1,85.3,0.0012,0
NER_01430,Assam (Barak/Dima Hasao),26.1375,92.51101,0.11,24.6,47.68,54.89,9.93,382.9,1.66,4,343.5,0.0148,0
NER_01431,Manipur,25.08936,93.48355,6.45,18.99,55.3,22.81,29.51,975.6,6.32,3,149.7,0.0098,0
NER_01432,Tripura (Jampui Hills),24.38709,91.8236,16.82,118.24,262.45,67.85,19.27,649.2,0.27,1,58.5,0.7652,0
NER_01433,Tripura (Jampui Hills),23.65991,91.96718,19.23,181.82,552.13,98.0,11.75,150.0,19.8,0,62.9,0.9948,1
NER_01434,Arunachal Pradesh,28.34735,95.17649,28.14,172.66,648.75,98.0,49.95,2570.3,9.6,0,232.0,0.9997,1
NER_01435,Meghalaya,25.84002,90.46663,5.17,17.96,27.15,48.84,31.02,1205.8,11.84,3,15.3,0.0293,0
NER_01436,Manipur,24.85063,93.5467,30.94,177.63,435.18,96.27,21.81,1627.3,2.46,2,220.7,0.9979,1
NER_01437,Sikkim,27.46057,88.44565,6.74,23.06,33.9,26.01,31.93,2512.4,16.39,0,197.2,0.0028,0
NER_01438,Manipur,25.26613,94.62741,13.93,143.8,189.36,71.45,31.6,151.5,17.1,0,10.0,0.8062,1
NER_01439,Mizoram,22.35061,93.34889,34.76,207.04,263.76,78.52,25.05,1205.0,1.34,1,263.9,0.9882,1
NER_01440,Arunachal Pradesh,27.35104,96.27729,4.99,7.12,47.0,46.43,41.04,2504.9,15.47,1,419.4,0.0141,0
NER_01441,Manipur,24.35963,93.44332,14.22,181.59,661.51,98.0,38.53,839.4,1.13,3,10.0,0.9997,1
NER_01442,Nagaland,25.36284,94.97144,8.25,153.33,611.45,98.0,51.68,2151.2,11.13,1,595.6,0.9997,1
NER_01443,Tripura (Jampui Hills),23.90149,91.84515,6.92,189.35,340.04,87.39,8.4,733.2,2.6,0,10.0,0.9725,1
NER_01444,Meghalaya,25.62736,90.34243,27.09,110.3,568.16,98.0,41.39,811.8,0.84,1,320.5,0.9989,1
NER_01445,Assam (Barak/Dima Hasao),25.15262,92.64404,0.66,0.66,34.26,45.96,35.61,402.8,17.68,1,148.8,0.0081,0
NER_01446,Nagaland,25.76773,93.56111,13.12,17.23,89.57,56.06,40.03,1590.3,0.9,1,65.4,0.1104,0
NER_01447,Nagaland,25.62797,94.8985,41.29,234.11,432.57,96.32,30.9,1070.8,19.94,1,37.6,0.9995,1
NER_01448,Manipur,25.64442,93.90309,39.63,39.63,150.78,71.68,29.43,1836.4,7.92,2,301.3,0.2232,0
NER_01449,Sikkim,27.47456,88.57064,20.97,140.59,330.02,81.69,38.72,2327.4,1.88,0,46.6,0.9876,1
NER_01450,Sikkim,27.18252,88.42054,29.95,191.76,383.44,93.93,30.82,2111.9,4.54,0,183.4,0.9975,1
NER_01451,Arunachal Pradesh,28.59841,95.76361,21.21,163.15,543.67,98.0,55.78,2196.7,1.51,2,77.4,0.9997,1
NER_01452,Arunachal Pradesh,28.71134,91.98092,6.37,13.33,21.16,52.68,37.3,2475.4,1.39,0,107.8,0.0255,0
NER_01453,Nagaland,26.005,94.34969,2.19,19.82,14.74,30.06,40.72,2126.7,17.02,2,23.8,0.0133,0
NER_01454,Sikkim,27.86687,88.54494,20.16,74.01,477.98,98.0,32.94,1868.5,14.25,1,36.1,0.9822,1
NER_01455,Mizoram,22.38129,92.77266,6.1,14.37,14.74,38.86,10.43,1175.3,10.1,2,12.8,0.0019,0
NER_01456,Manipur,24.36597,93.83462,3.89,23.29,8.61,21.3,30.49,1557.8,3.85,0,12.0,0.0034,0
NER_01457,Assam (Barak/Dima Hasao),24.95526,93.45912,20.76,174.46,525.41,98.0,30.25,150.0,5.14,1,34.8,0.9994,1
NER_01458,Arunachal Pradesh,27.18481,92.54078,1.59,5.14,52.04,34.36,41.48,2772.3,14.0,2,486.9,0.0108,0
NER_01459,Nagaland,25.70961,93.47699,1.57,7.19,54.92,26.25,30.51,1586.0,1.79,0,107.3,0.0042,0
NER_01460,Assam (Barak/Dima Hasao),25.5327,93.16725,4.39,80.77,391.43,91.06,6.32,1180.5,0.26,3,58.4,0.8909,1
NER_01461,Arunachal Pradesh,29.07504,92.10052,4.18,53.8,397.6,92.4,51.38,2524.0,0.72,3,241.7,0.9937,1
NER_01462,Mizoram,23.05777,92.51993,32.35,59.18,459.95,92.17,28.33,1880.3,1.47,0,139.8,0.9447,1
NER_01463,Arunachal Pradesh,29.12244,96.13627,29.33,169.85,277.68,80.93,46.83,2404.7,14.76,0,204.9,0.9901,1
NER_01464,Nagaland,25.31379,93.32297,6.84,181.93,332.49,84.35,46.68,1357.2,2.06,3,245.8,0.9992,1
NER_01465,Sikkim,27.91875,88.02925,6.97,160.7,375.45,84.47,31.5,2288.2,0.65,2,12.8,0.9966,1
NER_01466,Nagaland,25.69645,94.16837,3.31,21.96,15.38,36.36,28.06,1735.5,6.25,1,263.8,0.0058,0
NER_01467,Assam (Barak/Dima Hasao),25.85703,93.06579,5.97,12.99,48.99,39.99,41.24,357.3,12.19,1,88.1,0.021,0
NER_01468,Manipur,24.66034,94.66411,3.08,16.25,50.26,30.15,36.64,1767.4,0.2,1,101.8,0.016,0
NER_01469,Assam (Barak/Dima Hasao),25.85406,93.09977,27.6,70.27,112.44,55.29,22.72,843.0,9.79,1,615.8,0.0489,0
NER_01470,Tripura (Jampui Hills),24.20084,92.3326,6.21,22.78,38.54,41.5,22.28,1277.0,1.62,0,132.0,0.0059,0
NER_01471,Tripura (Jampui Hills),24.00809,92.10424,12.83,184.07,471.76,98.0,34.35,374.7,3.2,1,437.8,0.9992,1
NER_01472,Manipur,25.12311,94.24848,3.16,238.71,413.9,92.64,35.22,751.7,5.26,1,338.6,0.9997,1
NER_01473,Meghalaya,25.72502,89.97605,22.71,177.74,221.12,66.39,25.29,1092.9,11.59,2,196.9,0.93,1
NER_01474,Sikkim,27.83879,88.362,6.7,14.51,10.64,49.38,48.83,2989.6,9.02,3,160.9,0.095,1
NER_01475,Manipur,24.73202,94.01133,2.32,117.95,559.44,98.0,21.07,1272.7,17.2,0,407.8,0.9826,1
NER_01476,Manipur,24.56993,93.52549,2.18,2.18,46.26,30.59,35.9,1725.0,7.16,2,273.3,0.0085,0
NER_01477,Sikkim,27.12425,88.32291,12.06,91.5,363.87,83.12,40.7,1185.0,4.78,8,228.3,0.9975,1
NER_01478,Manipur,25.62132,93.4888,37.95,48.01,470.21,98.0,18.0,919.5,11.96,2,70.4,0.9133,1
NER_01479,Assam (Barak/Dima Hasao),25.46007,93.70405,47.78,213.68,481.15,98.0,13.94,1316.8,24.61,0,62.7,0.9959,1
NER_01480,Sikkim,27.11325,88.58544,2.33,2.33,0.09,47.11,37.75,2888.1,20.31,2,578.8,0.006,0
NER_01481,Sikkim,28.03061,88.87959,22.08,22.08,340.36,89.32,31.55,2376.4,4.73,0,10.0,0.7022,1
NER_01482,Manipur,24.94121,93.74631,0.75,0.75,51.04,38.07,20.33,1472.1,2.81,0,186.9,0.0023,0
NER_01483,Arunachal Pradesh,29.35423,92.6031,7.08,17.14,43.15,33.47,58.14,2258.9,0.74,1,10.0,0.1121,1
NER_01484,Tripura (Jampui Hills),23.90614,91.87946,50.91,185.42,294.27,78.14,9.86,150.0,14.69,0,32.0,0.8926,1
NER_01485,Nagaland,25.7051,93.71485,2.31,199.8,447.85,98.0,37.89,1129.5,8.42,2,101.6,0.9997,1
NER_01486,Manipur,24.36669,94.18373,1.46,11.46,14.92,51.83,41.23,812.4,0.2,0,651.0,0.017,0
NER_01487,Assam (Barak/Dima Hasao),25.95209,93.79758,6.06,6.06,19.09,51.2,30.56,1261.9,8.38,1,35.4,0.0122,0
NER_01488,Arunachal Pradesh,27.56458,95.69041,53.46,226.87,562.72,98.0,46.46,2179.7,0.66,1,144.8,0.9997,1
NER_01489,Nagaland,26.71272,95.00784,23.2,98.12,550.71,98.0,30.67,1441.7,16.59,1,1563.5,0.9612,1
NER_01490,Assam (Barak/Dima Hasao),24.85382,93.06453,27.68,145.83,430.96,98.0,28.88,150.0,28.09,1,220.1,0.988,1
NER_01491,Manipur,24.05629,93.0909,5.85,17.49,235.12,62.13,27.49,1644.6,3.91,0,132.2,0.1104,0
NER_01492,Manipur,24.15937,93.62055,40.9,180.88,566.88,98.0,33.98,689.0,17.64,2,430.3,0.9995,1
NER_01493,Arunachal Pradesh,28.75449,95.90882,17.96,221.18,446.4,98.0,48.02,2297.1,5.79,2,149.9,0.9997,1
NER_01494,Nagaland,26.81138,94.84489,3.55,237.98,449.09,98.0,45.98,1720.5,6.0,0,361.4,0.9997,1
NER_01495,Nagaland,25.73548,94.53951,5.22,23.91,18.3,27.94,29.5,1124.2,4.07,3,322.2,0.0095,0
NER_01496,Nagaland,26.51596,94.37164,9.02,158.0,432.61,91.68,35.91,1696.5,1.83,3,171.1,0.9991,1
NER_01497,Assam (Barak/Dima Hasao),25.21597,93.5392,1.87,3.78,31.12,49.11,17.9,442.4,2.82,0,242.6,0.0028,0
NER_01498,Tripura (Jampui Hills),24.49333,92.05686,45.85,225.98,679.06,98.0,7.93,773.8,22.96,1,242.2,0.9993,1
NER_01499,Sikkim,27.71394,88.77158,15.63,15.63,322.68,88.61,34.09,2322.5,0.2,1,113.3,0.7553,1
NER_01500,Tripura (Jampui Hills),23.65294,92.25869,8.39,226.36,477.2,98.0,16.29,1094.1,11.8,3,10.0,0.9995,1
NER_01501,Mizoram,24.40735,92.98798,28.31,59.2,165.5,66.62,17.58,1262.1,15.2,0,13.3,0.0745,0
NER_01502,Manipur,25.6354,93.2639,4.14,123.96,248.45,80.85,27.41,820.4,14.45,1,18.4,0.8801,1
NER_01503,Manipur,25.33969,94.53321,20.78,20.78,388.18,97.33,21.53,1819.3,2.7,2,378.2,0.7625,1
NER_01504,Meghalaya,25.9307,92.45456,5.5,15.75,58.65,49.87,20.41,1238.8,3.1,2,234.3,0.0128,0
NER_01505,Meghalaya,25.53499,90.51668,5.89,72.55,374.81,81.63,22.52,961.0,7.19,0,108.3,0.7659,0
NER_01506,Sikkim,27.37874,88.49015,21.38,195.17,401.75,91.21,50.92,2511.4,0.8,4,150.3,0.9997,1
NER_01507,Tripura (Jampui Hills),24.32126,91.80162,54.19,85.15,357.95,94.45,17.31,483.6,17.82,3,315.4,0.8736,0
NER_01508,Mizoram,23.47094,93.14615,41.14,188.01,563.24,98.0,24.59,1128.7,13.05,0,58.6,0.999,1
NER_01509,Assam (Barak/Dima Hasao),25.75829,92.89018,6.8,50.43,394.44,90.89,26.68,1400.0,8.63,1,10.0,0.8788,0
NER_01510,Nagaland,26.44569,94.64766,17.9,57.72,531.18,98.0,36.63,1760.0,2.16,2,35.4,0.9947,1
NER_01511,Sikkim,27.8383,88.75639,39.93,52.84,523.41,98.0,29.39,1726.7,26.81,1,1219.9,0.8233,1
NER_01512,Meghalaya,25.58677,91.96866,3.03,22.76,48.65,23.37,25.4,620.2,2.65,0,24.1,0.0036,0
NER_01513,Arunachal Pradesh,28.18263,93.55746,37.63,238.69,628.12,98.0,44.08,2317.7,8.59,0,266.9,0.9997,1
NER_01514,Tripura (Jampui Hills),24.17812,92.08563,5.43,21.59,40.73,24.82,21.45,962.9,2.61,1,299.5,0.0026,0
NER_01515,Mizoram,22.10781,93.10086,44.61,109.78,496.48,98.0,27.46,1038.3,13.85,1,326.6,0.9877,0
NER_01516,Manipur,25.45828,93.32364,30.33,183.53,246.69,79.42,20.96,1697.9,3.77,0,66.0,0.9568,1
NER_01517,Tripura (Jampui Hills),23.50594,92.34411,21.66,68.71,471.86,98.0,20.9,474.7,21.06,0,67.5,0.8899,1
NER_01518,Meghalaya,25.68228,91.0868,41.61,41.61,145.82,62.59,38.57,922.9,7.09,0,60.9,0.2131,0
NER_01519,Sikkim,27.66914,88.30507,36.41,67.03,147.49,54.79,40.17,1942.8,4.93,1,157.5,0.3733,1
NER_01520,Assam (Barak/Dima Hasao),24.85832,93.37259,2.06,23.36,39.7,29.57,21.39,725.3,15.9,1,622.9,0.0013,0
NER_01521,Manipur,23.88331,93.51449,8.4,140.42,454.2,94.76,16.51,909.4,9.46,4,63.8,0.9951,1
NER_01522,Mizoram,22.63682,93.20676,4.93,9.27,7.4,21.83,27.34,1126.3,31.44,0,45.9,0.0005,0
NER_01523,Assam (Barak/Dima Hasao),24.8169,93.85731,10.18,81.67,500.34,98.0,31.88,150.0,14.68,0,137.5,0.9791,1
NER_01524,Assam (Barak/Dima Hasao),24.82245,92.77544,15.98,15.98,244.53,72.9,25.0,612.8,5.61,0,117.3,0.1475,0
NER_01525,Meghalaya,25.38443,89.96191,32.06,147.91,316.33,81.88,29.07,886.1,3.74,0,90.0,0.9711,1
NER_01526,Assam (Barak/Dima Hasao),26.15608,93.52469,8.52,27.24,382.45,92.76,21.3,885.3,13.36,2,1095.8,0.4251,0
NER_01527,Assam (Barak/Dima Hasao),25.40862,93.54103,39.81,67.89,494.38,98.0,22.51,551.9,6.95,1,122.9,0.9653,1
NER_01528,Tripura (Jampui Hills),23.89599,92.37291,0.71,21.19,48.08,29.29,12.88,919.6,11.83,5,1271.6,0.0014,0
NER_01529,Meghalaya,25.6073,90.29183,6.29,15.09,28.74,24.66,24.37,1142.3,2.22,0,425.1,0.0015,0
NER_01530,Assam (Barak/Dima Hasao),25.20473,92.55589,4.94,22.39,27.61,40.78,37.77,150.0,3.11,2,422.5,0.025,0
NER_01531,Manipur,24.63466,94.6532,3.15,45.75,384.45,97.48,17.81,664.1,2.03,1,103.2,0.8226,1
NER_01532,Assam (Barak/Dima Hasao),25.66359,92.81913,7.12,15.12,31.52,20.32,31.65,894.3,2.78,0,88.1,0.0033,0
NER_01533,Arunachal Pradesh,28.95963,96.67211,4.87,8.09,34.1,22.43,31.65,2450.6,3.35,4,14.8,0.0133,0
NER_01534,Mizoram,22.22322,92.20454,6.23,10.81,37.53,51.98,36.28,1548.8,33.43,0,42.0,0.0063,0
NER_01535,Tripura (Jampui Hills),23.96686,91.92225,51.05,82.22,327.38,89.05,6.21,1342.8,5.65,5,774.9,0.7404,1
NER_01536,Mizoram,23.35213,92.26283,45.68,156.79,224.96,66.37,28.28,1273.4,7.62,0,175.0,0.8571,1
NER_01537,Sikkim,27.1455,88.44645,32.17,117.02,209.0,70.92,25.71,2774.1,4.56,3,114.3,0.8598,1
NER_01538,Assam (Barak/Dima Hasao),25.96257,92.51931,48.8,193.62,648.35,98.0,37.65,905.8,1.69,1,1005.9,0.9997,1
NER_01539,Nagaland,26.23262,93.80781,41.67,188.27,523.99,98.0,14.15,1023.4,1.87,1,61.3,0.9986,1
NER_01540,Nagaland,26.7158,94.4365,47.94,85.87,256.99,68.48,45.75,1752.6,9.8,1,222.5,0.8682,1
NER_01541,Assam (Barak/Dima Hasao),25.88511,93.11113,33.04,37.69,391.06,94.53,14.73,794.5,2.01,1,559.2,0.6001,0
NER_01542,Meghalaya,25.69448,92.53069,4.56,4.56,27.03,54.57,28.44,1689.6,21.6,0,10.0,0.0051,0
NER_01543,Manipur,25.52828,94.46992,5.72,15.92,20.46,46.13,41.81,991.5,2.9,1,47.4,0.0399,0
NER_01544,Meghalaya,25.86252,92.12305,28.01,28.01,353.78,86.22,12.56,1255.6,1.1,1,257.5,0.3979,1
NER_01545,Meghalaya,25.9887,90.39979,16.36,135.71,557.14,98.0,40.64,1312.7,3.7,0,344.2,0.999,1
NER_01546,Arunachal Pradesh,28.04594,95.62019,15.83,15.83,325.24,86.87,33.69,2237.3,12.75,0,283.5,0.478,1
NER_01547,Sikkim,27.63132,88.12664,52.41,116.16,374.12,92.43,45.44,2550.1,0.2,1,110.1,0.9962,1
NER_01548,Assam (Barak/Dima Hasao),25.25146,93.55225,16.29,16.29,69.82,48.78,17.39,1112.3,0.84,5,73.5,0.0391,0
NER_01549,Manipur,24.35322,93.10348,29.15,83.07,143.99,64.41,41.49,1454.1,2.36,0,48.1,0.6008,0
NER_01550,Nagaland,25.20889,94.82318,26.91,67.51,240.74,75.64,38.01,1267.4,4.17,1,138.7,0.7845,1
NER_01551,Mizoram,22.96134,92.2547,19.64,54.01,442.8,91.81,30.85,675.7,2.49,4,179.7,0.9827,1
NER_01552,Mizoram,21.97903,92.93046,3.81,15.95,49.42,36.97,40.39,724.4,1.91,2,10.0,0.0441,0
NER_01553,Tripura (Jampui Hills),23.63493,91.96364,26.59,82.24,523.7,98.0,31.43,568.1,0.93,1,235.0,0.9925,1
NER_01554,Tripura (Jampui Hills),23.79916,92.10566,19.24,19.24,200.79,68.43,32.26,1119.1,5.52,2,63.0,0.2884,0
NER_01555,Sikkim,27.15439,88.88433,2.83,20.04,58.17,38.57,52.3,2204.4,2.31,0,513.8,0.0427,0
NER_01556,Manipur,24.43103,93.50466,26.97,182.42,511.67,98.0,28.92,1036.8,1.7,0,10.4,0.9993,1
NER_01557,Meghalaya,25.69068,90.00008,8.84,127.69,497.27,98.0,29.97,1927.9,40.2,2,319.7,0.9863,1
NER_01558,Assam (Barak/Dima Hasao),25.77486,93.62837,2.88,10.73,44.21,39.2,22.06,1262.9,1.39,2,62.0,0.0086,0
NER_01559,Nagaland,25.49834,94.09798,4.72,9.6,10.91,43.0,14.5,1611.8,1.88,3,146.5,0.005,0
NER_01560,Meghalaya,25.43438,92.74518,21.18,48.0,249.67,72.64,13.28,1243.3,11.56,1,173.6,0.1411,0
NER_01561,Sikkim,28.02692,88.83507,10.03,227.81,269.95,82.92,44.58,2240.2,1.25,2,31.7,0.9995,1
NER_01562,Tripura (Jampui Hills),24.17931,92.14393,3.58,17.86,37.66,43.49,36.05,763.8,11.51,1,434.2,0.0116,0
NER_01563,Tripura (Jampui Hills),24.48443,92.14855,48.56,133.09,608.06,98.0,19.0,453.5,12.53,1,94.2,0.9965,1
NER_01564,Tripura (Jampui Hills),24.24895,92.07766,39.75,129.73,433.57,98.0,16.51,1083.9,3.09,2,204.0,0.9882,1
NER_01565,Assam (Barak/Dima Hasao),25.95748,92.79414,1.21,17.13,23.92,40.78,23.08,1227.2,4.23,1,493.8,0.0038,0
NER_01566,Manipur,24.01758,94.13687,2.49,2.49,55.7,38.9,26.94,1017.3,15.16,2,198.1,0.0052,0
NER_01567,Meghalaya,25.55967,90.20145,0.95,24.14,2.2,35.91,36.67,859.8,5.36,4,122.8,0.0379,0
NER_01568,Tripura (Jampui Hills),24.27934,92.15369,18.1,224.18,450.68,98.0,27.06,999.2,17.91,0,589.2,0.9982,1
NER_01569,Arunachal Pradesh,26.63272,94.44498,3.57,4.78,21.26,48.01,30.29,2065.1,15.86,3,500.7,0.0082,0
NER_01570,Meghalaya,25.78935,92.31959,7.24,19.19,26.4,32.51,35.07,950.9,0.84,0,250.0,0.008,0
NER_01571,Tripura (Jampui Hills),24.11787,92.2053,53.51,129.55,253.7,69.43,5.0,567.1,9.93,0,11.4,0.3919,1
NER_01572,Nagaland,26.79798,95.10685,4.29,21.27,11.91,35.54,26.87,993.6,11.17,4,951.7,0.0048,0
NER_01573,Assam (Barak/Dima Hasao),25.94679,93.58702,9.53,135.99,559.16,98.0,12.08,356.2,6.99,1,515.3,0.9885,1
NER_01574,Nagaland,25.84289,94.27352,6.85,20.49,25.4,53.38,29.15,1407.9,6.84,0,616.2,0.0073,0
NER_01575,Meghalaya,25.48881,92.6129,26.01,146.02,400.21,89.3,56.54,1053.5,11.36,1,58.4,0.9991,1
NER_01576,Manipur,25.05884,93.42034,34.96,34.96,316.61,79.22,5.05,1042.0,11.9,0,10.0,0.1095,0
NER_01577,Mizoram,22.48926,92.5601,22.62,70.67,295.46,91.48,19.02,308.1,3.73,1,246.4,0.7257,0
NER_01578,Mizoram,22.67972,93.15365,6.36,95.27,252.81,72.58,38.06,683.6,3.94,2,105.9,0.9186,0
NER_01579,Meghalaya,25.48223,91.12586,51.97,139.16,459.65,98.0,26.91,895.6,18.23,0,273.0,0.9872,1
NER_01580,Meghalaya,25.30513,92.08962,44.98,141.55,483.85,98.0,39.0,894.3,3.91,4,305.4,0.9995,1
NER_01581,Manipur,24.81843,93.51951,51.44,206.87,393.41,89.39,42.28,906.1,1.8,4,417.7,0.9997,1
NER_01582,Assam (Barak/Dima Hasao),25.78991,92.76203,6.13,108.48,334.46,87.91,18.56,658.1,3.79,1,228.9,0.8981,1
NER_01583,Mizoram,22.6225,93.17357,0.32,6.72,35.3,51.49,36.0,1389.5,15.13,0,284.9,0.009,0
NER_01584,Tripura (Jampui Hills),24.47195,92.13224,18.13,31.24,128.61,56.78,17.72,958.8,7.68,0,160.8,0.0185,0
NER_01585,Meghalaya,25.34691,89.88071,9.43,96.11,522.87,98.0,35.47,1657.5,15.63,0,90.6,0.9916,1
NER_01586,Assam (Barak/Dima Hasao),25.14487,93.55225,20.87,216.07,531.23,98.0,8.63,642.1,7.03,2,332.1,0.9988,1
NER_01587,Manipur,24.72334,93.78961,4.38,24.22,55.15,20.09,32.16,848.3,0.78,2,10.0,0.0131,0
NER_01588,Arunachal Pradesh,27.52983,95.87164,1.13,21.88,23.96,38.67,58.84,2499.6,12.18,0,85.1,0.061,0
NER_01589,Sikkim,27.33076,88.67953,4.64,9.34,28.93,26.93,41.21,2160.2,20.74,0,328.5,0.0029,0
NER_01590,Meghalaya,25.33464,92.145,0.2,0.2,0.84,28.54,21.52,1525.9,7.13,0,16.4,0.001,0
NER_01591,Assam (Barak/Dima Hasao),25.3949,93.21937,2.5,12.01,14.59,40.38,34.46,906.7,3.75,0,26.3,0.0097,0
NER_01592,Meghalaya,25.32515,91.0994,34.6,138.48,212.27,65.42,26.62,1346.8,0.88,3,166.3,0.912,1
NER_01593,Manipur,24.42827,93.81745,6.47,16.41,14.66,22.52,34.15,1642.2,8.44,0,498.3,0.002,0
NER_01594,Manipur,25.14278,93.35312,2.68,24.42,41.48,44.34,32.21,991.4,1.74,0,174.4,0.0161,0
NER_01595,Manipur,24.11958,94.33362,32.02,72.62,434.96,98.0,29.68,1680.8,0.22,1,10.0,0.9815,1
NER_01596,Assam (Barak/Dima Hasao),25.39418,92.84979,33.12,86.89,507.97,98.0,30.34,356.2,1.1,3,81.4,0.9965,1
NER_01597,Manipur,25.04453,93.17209,7.35,84.02,214.65,64.86,33.13,813.9,0.38,0,354.9,0.5263,1
NER_01598,Manipur,24.49087,93.93064,19.66,208.48,544.16,98.0,32.31,1044.8,1.93,0,227.6,0.9997,1
NER_01599,Nagaland,26.29694,94.11357,2.85,18.24,35.0,35.3,40.64,1812.8,5.74,1,77.9,0.0217,0
NER_01600,Tripura (Jampui Hills),24.1251,92.32018,43.04,67.21,279.36,85.88,20.22,627.7,6.39,2,48.8,0.7329,1
NER_01601,Manipur,25.69483,94.76731,1.97,24.01,22.18,42.39,14.39,1515.1,6.62,0,167.3,0.0022,0
NER_01602,Assam (Barak/Dima Hasao),25.38308,92.64732,54.6,79.92,308.61,80.93,5.0,963.7,1.98,1,217.8,0.4312,0
NER_01603,Arunachal Pradesh,28.50077,93.52838,5.98,14.41,53.29,25.39,57.18,2025.6,9.62,1,358.8,0.0331,0
NER_01604,Assam (Barak/Dima Hasao),25.4914,93.32935,5.0,10.46,11.79,52.59,18.77,642.3,0.68,2,497.7,0.0059,0
NER_01605,Mizoram,24.34448,92.54394,2.37,9.83,32.3,36.46,37.82,750.6,4.49,2,10.0,0.0227,0
NER_01606,Meghalaya,25.47375,90.86345,1.96,17.37,5.3,37.4,28.82,1553.7,0.7,1,380.4,0.0059,0
NER_01607,Manipur,24.52113,93.84875,39.71,123.44,402.69,98.0,49.49,1479.1,0.2,0,192.1,0.998,1
NER_01608,Manipur,24.53454,93.49518,23.03,82.02,459.98,98.0,29.25,1305.3,1.05,0,382.8,0.9731,1
NER_01609,Manipur,24.53834,94.26456,33.2,224.42,641.68,98.0,34.51,871.8,19.93,0,28.8,0.9997,1
NER_01610,Sikkim,27.23675,88.73859,32.06,219.98,573.36,98.0,36.66,2972.1,0.67,2,50.1,0.9997,1
NER_01611,Sikkim,27.45286,88.80011,3.46,93.73,471.74,98.0,42.88,2257.6,7.33,0,780.5,0.9881,1
NER_01612,Mizoram,23.37598,92.52653,46.16,122.15,451.8,97.34,16.89,854.9,0.68,0,79.4,0.9808,1
NER_01613,Meghalaya,25.3533,92.27657,54.68,150.11,197.08,66.49,26.92,811.6,0.74,0,18.5,0.8509,0
NER_01614,Meghalaya,25.19336,89.83127,10.56,85.1,519.63,98.0,29.3,1970.7,7.14,2,369.2,0.9906,1
NER_01615,Assam (Barak/Dima Hasao),25.9945,93.79616,52.6,70.45,165.42,68.4,21.3,336.7,0.27,5,522.2,0.5037,0
NER_01616,Nagaland,26.1035,94.71116,31.97,110.73,453.64,96.7,29.55,1946.5,17.53,8,58.8,0.9988,1
NER_01617,Meghalaya,25.28487,91.43064,2.9,2.9,52.61,23.42,22.86,1730.1,5.24,3,538.0,0.0024,0
NER_01618,Sikkim,28.09599,88.27311,6.72,7.23,7.15,36.08,40.87,1416.4,1.41,4,202.8,0.0386,0
NER_01619,Arunachal Pradesh,26.91015,94.40747,24.72,125.44,288.0,71.42,46.07,2375.8,7.48,5,161.8,0.9935,1
NER_01620,Mizoram,23.34068,93.35678,10.97,191.05,670.49,98.0,42.46,1333.0,2.87,5,268.0,0.9997,1
NER_01621,Sikkim,27.08375,88.21372,2.03,9.71,24.39,32.05,34.48,2445.8,0.42,1,142.0,0.0092,0
NER_01622,Arunachal Pradesh,27.0265,95.43593,1.63,1.63,42.46,40.9,38.96,2544.7,0.2,2,83.2,0.0303,0
NER_01623,Arunachal Pradesh,27.77776,95.12705,20.06,237.84,583.18,98.0,23.0,1467.4,7.29,8,10.0,0.9997,1
NER_01624,Assam (Barak/Dima Hasao),25.09149,93.00969,42.3,50.11,262.01,73.36,5.23,724.5,15.27,0,254.1,0.0523,0
NER_01625,Sikkim,27.52405,88.597,52.65,199.14,458.3,98.0,44.57,2886.5,8.49,0,456.3,0.9996,1
NER_01626,Manipur,24.29529,94.41742,0.47,10.3,32.49,29.52,12.43,1047.9,0.87,0,863.8,0.0004,0
NER_01627,Meghalaya,25.53728,91.4089,1.14,16.49,8.4,25.18,41.2,1419.8,1.71,2,32.4,0.0181,0
NER_01628,Manipur,24.33943,93.96489,4.07,22.19,175.0,66.03,10.24,1245.2,5.97,1,232.8,0.026,0
NER_01629,Meghalaya,25.30536,92.46972,6.24,7.86,19.12,35.5,24.89,1559.0,2.26,2,437.2,0.0041,0
NER_01630,Manipur,25.55472,93.01378,26.61,235.62,535.08,98.0,30.66,1398.6,8.16,4,111.3,0.9997,1
NER_01631,Manipur,25.56061,93.03095,2.66,6.06,4.63,46.57,45.14,1475.0,0.86,0,503.8,0.0163,0
NER_01632,Meghalaya,25.93685,90.58791,37.73,54.44,373.14,92.96,22.92,1478.2,4.84,2,247.8,0.8727,1
NER_01633,Arunachal Pradesh,27.99317,96.97636,6.59,16.69,5.84,41.72,39.14,1943.5,8.96,0,204.3,0.0104,0
NER_01634,Tripura (Jampui Hills),23.75058,92.35063,43.57,230.51,672.24,98.0,5.0,641.9,7.26,0,420.9,0.9993,1
NER_01635,Nagaland,26.45617,93.33963,2.38,14.16,2.93,51.29,35.35,1243.4,18.01,0,135.8,0.0081,0
NER_01636,Assam (Barak/Dima Hasao),24.82068,92.59335,18.87,216.08,283.43,76.93,31.71,857.7,4.93,0,352.8,0.9912,1
NER_01637,Meghalaya,25.36896,92.49675,4.9,15.4,9.64,33.92,33.37,1751.2,8.06,1,54.1,0.0075,0
NER_01638,Tripura (Jampui Hills),24.27387,92.09934,11.23,182.39,617.82,98.0,23.05,897.7,16.73,0,82.8,0.999,1
NER_01639,Sikkim,27.84347,88.24652,2.7,15.01,19.66,36.05,33.52,2258.7,0.94,0,70.8,0.0087,0
NER_01640,Sikkim,27.42259,88.75069,9.65,186.65,316.38,85.05,29.9,2049.3,1.42,0,150.5,0.9924,1
NER_01641,Manipur,25.56874,94.52698,25.06,220.12,313.04,88.15,15.03,882.3,13.3,1,64.2,0.99,1
NER_01642,Meghalaya,25.49836,90.09763,49.97,136.85,512.95,98.0,30.52,1624.3,1.2,0,89.9,0.9977,1
NER_01643,Assam (Barak/Dima Hasao),25.33543,92.79388,1.85,24.28,7.27,25.49,29.17,1227.6,4.04,8,427.9,0.0366,0
NER_01644,Arunachal Pradesh,26.52277,92.40734,27.82,154.27,404.51,97.22,28.75,2080.7,0.4,1,257.5,0.9962,1
NER_01645,Sikkim,27.06395,88.01951,39.1,176.0,510.65,98.0,34.67,1641.3,4.5,1,50.9,0.9996,1
NER_01646,Nagaland,25.20442,94.15404,41.37,195.86,323.59,83.69,40.78,2231.1,1.23,0,394.9,0.9969,1
NER_01647,Assam (Barak/Dima Hasao),25.71125,93.15621,6.26,20.95,26.64,24.14,33.62,501.0,0.63,0,85.5,0.006,0
NER_01648,Arunachal Pradesh,27.08744,95.18567,11.37,111.3,167.59,54.64,59.24,2130.0,8.87,5,139.6,0.9772,1
NER_01649,Manipur,23.85036,94.0359,1.25,19.93,37.5,28.61,31.48,399.6,8.35,1,14.1,0.0073,0
NER_01650,Assam (Barak/Dima Hasao),25.46984,93.26593,27.77,45.48,164.77,64.29,18.46,829.2,7.94,1,139.5,0.0809,0
NER_01651,Manipur,23.93606,93.24851,1.22,2.09,17.16,30.9,32.54,661.9,2.68,1,133.6,0.0051,0
NER_01652,Sikkim,28.03286,88.22036,0.59,21.84,42.18,25.01,45.48,1596.8,2.26,2,207.9,0.0317,0
NER_01653,Assam (Barak/Dima Hasao),25.33199,92.79217,20.15,195.33,448.95,98.0,38.84,628.0,6.13,0,168.8,0.9994,1
NER_01654,Manipur,23.87836,93.17705,47.89,80.89,304.88,91.58,39.38,974.5,13.48,3,44.7,0.973,1
NER_01655,Arunachal Pradesh,26.69084,92.367,22.79,228.79,423.24,98.0,44.98,2895.8,22.93,0,412.3,0.9995,1
NER_01656,Assam (Barak/Dima Hasao),25.16425,93.1178,3.25,20.76,1.3,24.83,20.23,636.2,1.44,3,215.5,0.0037,0
NER_01657,Assam (Barak/Dima Hasao),25.61003,93.85897,6.01,21.66,45.95,50.65,33.13,406.9,21.14,3,38.6,0.0322,0
NER_01658,Manipur,24.93483,93.41655,4.6,21.66,4.38,30.54,32.32,1064.5,4.65,2,74.4,0.0105,0
NER_01659,Arunachal Pradesh,29.2031,92.61628,0.05,17.48,43.8,51.87,43.71,2677.6,5.44,1,486.3,0.0428,0
NER_01660,Tripura (Jampui Hills),24.35797,91.88216,17.51,152.47,242.75,78.17,12.72,960.9,9.58,0,10.0,0.774,1
NER_01661,Manipur,25.27093,93.34752,27.88,29.41,474.55,98.0,16.63,447.7,9.46,4,299.9,0.9083,1
NER_01662,Assam (Barak/Dima Hasao),25.6822,93.43926,10.03,46.12,433.32,89.88,14.28,1156.9,13.2,1,10.0,0.7104,0
NER_01663,Sikkim,27.98048,88.64804,6.02,13.58,12.28,34.8,27.42,2146.6,2.5,1,73.0,0.0058,0
NER_01664,Assam (Barak/Dima Hasao),24.83212,93.60598,47.15,171.9,373.43,87.38,36.42,1702.2,6.22,1,321.6,0.9962,1
NER_01665,Assam (Barak/Dima Hasao),26.02739,93.33915,34.95,210.09,305.6,83.86,18.7,1899.5,19.93,0,314.0,0.9672,1
NER_01666,Meghalaya,25.91729,92.59159,2.76,7.29,6.58,51.49,20.18,1930.6,27.82,3,20.2,0.0041,0
NER_01667,Sikkim,27.59498,88.04391,5.26,158.56,216.13,71.17,51.97,2005.4,6.88,2,332.3,0.9897,1
NER_01668,Arunachal Pradesh,26.72754,92.78146,4.65,118.07,306.59,87.11,50.32,2365.3,8.5,0,259.4,0.986,1
NER_01669,Sikkim,27.11342,88.36298,23.12,23.12,486.05,98.0,46.01,2036.2,4.74,1,422.7,0.9766,1
NER_01670,Meghalaya,25.46432,91.61893,53.99,131.09,336.26,78.59,40.29,1201.1,1.83,2,143.1,0.9912,1
NER_01671,Assam (Barak/Dima Hasao),24.95795,93.29625,27.25,59.82,276.04,82.37,7.31,891.4,4.62,1,311.9,0.2511,1
NER_01672,Mizoram,22.8748,92.5067,54.33,70.56,528.89,98.0,32.05,1107.7,3.42,0,305.7,0.9839,1
NER_01673,Manipur,24.33635,93.69821,16.19,168.3,441.04,92.3,25.84,950.0,18.87,2,102.0,0.9959,1
NER_01674,Mizoram,21.91118,93.24997,33.4,122.77,325.68,86.82,35.13,1267.6,5.8,0,578.0,0.9521,1
NER_01675,Mizoram,22.56312,92.28356,14.64,82.46,160.38,66.11,19.84,1674.9,0.51,0,519.4,0.1552,0
NER_01676,Sikkim,27.58869,88.50787,52.36,209.63,619.71,98.0,28.47,1379.4,14.78,2,362.6,0.9997,1
NER_01677,Tripura (Jampui Hills),23.95588,92.24814,3.12,12.02,30.24,20.04,20.16,397.1,11.42,0,96.1,0.0008,0
NER_01678,Sikkim,27.48684,88.07465,7.71,12.22,53.31,32.21,53.11,2532.7,10.08,0,53.8,0.0313,0
NER_01679,Tripura (Jampui Hills),24.48546,91.85636,21.33,156.95,235.7,69.71,5.0,150.0,9.95,1,32.0,0.6235,1
NER_01680,Tripura (Jampui Hills),23.90672,91.82442,10.07,18.93,369.96,84.6,14.68,150.0,5.94,0,84.8,0.3127,0
NER_01681,Nagaland,26.90096,95.17419,0.61,3.18,5.29,29.04,24.65,1932.8,1.75,1,55.9,0.0025,0
NER_01682,Sikkim,27.50452,88.32566,7.56,14.67,4.96,21.3,35.11,2783.1,4.38,2,101.8,0.0067,0
NER_01683,Sikkim,27.07617,88.63796,46.77,176.5,507.74,98.0,45.9,1975.6,0.25,0,128.3,0.9997,1
NER_01684,Mizoram,22.47371,92.54683,45.36,105.66,392.22,92.06,23.47,927.6,5.42,0,51.7,0.9543,1
NER_01685,Assam (Barak/Dima Hasao),26.17893,93.04227,6.54,23.74,41.56,34.27,20.44,1488.4,13.38,0,58.2,0.0024,0
NER_01686,Manipur,24.38972,93.96971,15.59,15.59,410.47,93.55,26.36,1935.5,18.55,8,172.3,0.9556,1
NER_01687,Assam (Barak/Dima Hasao),25.7297,92.6209,3.96,7.0,49.43,24.01,10.88,555.2,0.2,0,10.0,0.0008,0
NER_01688,Mizoram,23.79705,93.25493,6.66,9.53,42.77,27.03,22.42,1111.6,2.14,4,466.1,0.0054,0
NER_01689,Sikkim,27.06255,88.03394,15.8,15.8,469.03,98.0,32.36,2901.8,7.11,0,146.5,0.8899,1
NER_01690,Sikkim,27.19084,88.57933,0.4,18.9,37.5,45.89,45.72,2084.6,24.27,0,196.2,0.0161,0
NER_01691,Nagaland,26.4713,94.50338,9.44,130.17,525.01,98.0,31.64,1585.6,11.77,1,190.8,0.997,1
NER_01692,Arunachal Pradesh,29.05915,96.6913,1.76,21.8,54.68,54.77,51.7,1974.3,17.96,8,366.4,0.493,0
NER_01693,Meghalaya,25.1327,90.84655,34.79,224.22,526.32,98.0,25.15,1136.5,12.1,0,495.2,0.9992,1
NER_01694,Manipur,23.97986,94.05215,42.15,209.29,530.73,98.0,33.47,1342.6,8.8,2,160.8,0.9997,1
NER_01695,Meghalaya,25.55818,91.23615,5.32,10.81,31.56,32.51,42.0,1541.4,6.05,3,61.1,0.0331,0
NER_01696,Assam (Barak/Dima Hasao),26.03074,93.59524,2.59,130.81,471.82,98.0,20.6,1229.9,1.51,0,138.4,0.99,1
NER_01697,Mizoram,23.06362,92.6765,34.29,215.7,487.7,97.1,55.82,824.0,3.14,0,621.6,0.9997,1
NER_01698,Arunachal Pradesh,28.1968,92.13703,31.1,126.6,289.97,86.05,44.68,2351.4,5.24,0,97.4,0.9845,1
NER_01699,Arunachal Pradesh,29.37878,94.69321,2.73,2.73,56.83,36.9,33.63,3429.2,20.05,5,85.9,0.0216,0
NER_01700,Meghalaya,25.95806,90.21723,33.06,33.06,114.43,57.33,49.3,1188.4,16.16,1,24.4,0.2308,0
NER_01701,Arunachal Pradesh,28.8216,91.52618,35.89,202.94,454.01,97.12,41.59,2351.9,7.22,2,185.0,0.9997,1
NER_01702,Mizoram,23.57066,93.12873,35.15,159.84,365.98,85.86,28.55,1159.3,0.86,3,103.8,0.9964,1
NER_01703,Sikkim,27.44165,88.57882,22.38,41.79,324.15,97.5,38.23,1464.0,1.41,3,131.1,0.9648,1
NER_01704,Sikkim,27.8607,88.44863,6.44,10.59,15.57,35.79,45.17,3095.0,13.39,3,587.7,0.0172,0
NER_01705,Nagaland,26.98946,94.62484,21.48,227.86,690.32,98.0,26.35,2236.1,9.38,3,359.5,0.9997,1
NER_01706,Sikkim,27.7924,88.48848,36.73,178.02,334.33,85.27,46.52,1926.9,8.31,0,116.6,0.9974,1
NER_01707,Assam (Barak/Dima Hasao),25.29551,93.7236,2.83,5.72,56.39,39.15,28.74,1379.4,2.49,0,88.0,0.0067,0
NER_01708,Manipur,25.42388,94.49782,21.34,164.17,401.5,82.01,33.32,2183.9,14.17,1,68.7,0.9934,1
NER_01709,Nagaland,25.63867,94.76897,24.82,69.87,538.8,98.0,38.71,1097.6,7.53,0,441.7,0.9878,1
NER_01710,Arunachal Pradesh,29.09956,91.69004,3.21,14.9,31.92,25.78,56.28,2695.5,2.92,3,112.0,0.0902,0
NER_01711,Sikkim,27.50367,88.25233,9.52,220.8,471.31,98.0,51.18,1867.1,11.37,1,298.5,0.9997,1
NER_01712,Arunachal Pradesh,28.50086,97.31696,1.06,2.75,2.31,44.4,40.64,3113.9,0.23,1,102.0,0.0209,1
NER_01713,Arunachal Pradesh,26.56948,92.60995,37.63,74.59,412.29,92.83,42.35,2280.5,3.37,4,37.5,0.9959,1
NER_01714,Mizoram,23.85155,92.94453,3.55,68.78,257.44,78.91,33.99,888.6,0.66,2,590.2,0.7812,1
NER_01715,Tripura (Jampui Hills),24.31712,91.88939,4.23,13.09,29.75,39.39,19.79,150.0,18.93,3,105.4,0.0041,0
NER_01716,Arunachal Pradesh,27.37767,97.22736,6.15,146.54,322.42,92.08,47.43,2559.7,30.11,3,434.0,0.9938,1
NER_01717,Nagaland,25.81924,93.97921,24.03,56.96,467.3,98.0,35.23,1218.3,4.84,0,361.9,0.9649,1
NER_01718,Manipur,25.40713,94.20204,11.21,110.72,538.05,98.0,37.25,1287.7,4.4,2,509.1,0.9979,1
NER_01719,Nagaland,26.14629,94.27121,24.87,67.66,369.24,98.0,37.03,1077.4,1.39,1,675.4,0.9532,1
NER_01720,Arunachal Pradesh,29.34946,94.11496,1.0,13.5,55.06,43.7,44.19,2460.2,3.27,2,319.2,0.0545,0
NER_01721,Tripura (Jampui Hills),23.72756,92.2823,18.35,140.11,600.88,98.0,20.12,1533.7,1.94,3,439.8,0.9987,1
NER_01722,Meghalaya,25.69181,91.75064,3.62,3.62,10.54,23.75,40.09,1535.0,13.54,1,114.0,0.0041,0
NER_01723,Tripura (Jampui Hills),23.86181,92.02265,12.29,183.41,496.33,98.0,15.84,776.7,7.53,0,100.6,0.9965,1
NER_01724,Nagaland,25.64772,94.97757,8.29,235.8,483.51,98.0,43.94,881.3,0.71,0,264.7,0.9997,1
NER_01725,Arunachal Pradesh,26.5474,92.38246,3.62,8.49,3.85,50.0,23.09,2106.1,22.01,2,123.5,0.004,0
NER_01726,Assam (Barak/Dima Hasao),24.99776,93.36014,49.69,138.74,347.42,87.93,23.42,150.0,5.37,3,42.3,0.988,1
NER_01727,Assam (Barak/Dima Hasao),25.88922,92.65947,34.79,92.91,390.59,92.33,14.53,964.0,5.77,1,10.0,0.9094,1
NER_01728,Arunachal Pradesh,29.09017,91.83888,31.7,182.04,446.37,97.32,41.56,2728.1,13.24,0,35.1,0.9992,1
NER_01729,Nagaland,26.34831,94.97295,25.69,25.69,59.52,55.96,34.2,1667.8,4.08,2,12.1,0.087,0
NER_01730,Nagaland,25.93456,94.61057,0.6,13.54,5.78,28.53,31.75,1196.3,0.57,2,39.5,0.0092,0
NER_01731,Manipur,24.64817,93.12901,14.46,50.93,82.24,53.2,33.39,849.1,2.23,0,15.5,0.0934,0
NER_01732,Manipur,23.8599,93.99031,6.73,15.93,13.34,28.31,23.42,1312.0,17.06,2,185.0,0.0021,0
NER_01733,Meghalaya,25.68366,91.90424,1.47,16.2,25.7,21.5,45.79,2053.7,7.33,1,178.5,0.0118,0
NER_01734,Meghalaya,25.33128,91.95181,44.11,97.17,484.59,90.36,31.11,1598.9,19.56,1,142.2,0.9781,1
NER_01735,Arunachal Pradesh,26.8126,92.80015,21.18,74.59,393.75,97.04,50.66,2615.5,11.58,4,219.4,0.9966,1
NER_01736,Assam (Barak/Dima Hasao),25.28176,93.04528,5.41,20.27,41.29,37.52,20.25,942.7,4.47,0,144.6,0.0034,0
NER_01737,Assam (Barak/Dima Hasao),25.13672,92.99613,28.2,226.49,424.0,98.0,27.82,1266.4,11.58,1,374.4,0.9992,1
NER_01738,Mizoram,23.31562,93.22249,2.31,23.19,45.69,33.33,22.68,1245.6,39.42,0,37.6,0.0009,0
NER_01739,Nagaland,26.61743,94.98292,7.13,196.25,413.49,92.53,39.25,1875.6,10.4,0,756.2,0.9977,1
NER_01740,Manipur,24.36149,93.40818,18.6,21.12,163.74,55.62,40.05,150.0,10.69,0,641.3,0.0566,0
NER_01741,Assam (Barak/Dima Hasao),25.63042,93.76335,33.98,136.79,385.68,88.07,29.64,626.3,6.41,2,65.8,0.9919,1
NER_01742,Meghalaya,25.78896,91.52996,5.06,159.87,407.02,98.0,24.95,1813.5,12.09,2,739.3,0.991,1
NER_01743,Mizoram,22.62841,92.25242,16.88,53.33,314.43,85.06,29.22,1587.7,22.07,0,24.7,0.57,1
NER_01744,Meghalaya,25.50172,91.55017,40.54,152.88,538.41,98.0,36.14,1803.6,0.44,3,101.9,0.9997,1
NER_01745,Tripura (Jampui Hills),24.39439,92.14898,23.69,39.84,315.66,80.21,8.44,771.3,3.04,4,36.2,0.5348,1
NER_01746,Meghalaya,25.5976,91.40361,39.45,169.06,629.97,98.0,40.03,2161.6,27.51,1,169.6,0.9996,1
NER_01747,Mizoram,22.14625,92.68952,23.96,55.05,475.08,98.0,32.6,986.6,4.94,5,447.1,0.9914,1
NER_01748,Tripura (Jampui Hills),24.41386,92.10427,30.11,214.59,268.69,82.3,23.76,1249.0,1.9,3,309.9,0.9955,1
NER_01749,Sikkim,27.12521,88.18646,4.29,4.29,23.34,44.19,42.71,1778.4,4.44,1,52.2,0.0271,0
NER_01750,Meghalaya,25.8221,90.52623,14.86,170.08,575.74,98.0,14.43,1547.9,3.2,1,350.9,0.9978,1
NER_01751,Arunachal Pradesh,28.04767,93.49745,8.55,146.85,518.18,98.0,31.21,2696.8,18.73,3,66.8,0.9988,1
NER_01752,Nagaland,26.99854,93.71387,39.13,76.27,481.41,98.0,31.59,1334.5,3.11,5,104.6,0.997,1
NER_01753,Nagaland,26.69773,94.94853,30.73,197.5,282.18,72.38,45.53,2195.2,0.9,2,50.3,0.9983,1
NER_01754,Nagaland,25.84441,93.48557,26.86,26.86,165.92,67.04,39.05,2164.5,2.32,0,94.2,0.2513,0
NER_01755,Arunachal Pradesh,28.82551,95.23057,40.66,45.51,200.42,64.76,30.47,2352.6,8.67,1,388.1,0.1986,0
NER_01756,Manipur,25.13497,93.82962,12.93,129.35,189.29,73.2,15.54,463.2,3.19,5,650.0,0.7948,0
NER_01757,Tripura (Jampui Hills),23.52878,92.21545,11.05,44.84,152.08,68.29,17.66,1023.9,9.81,5,306.3,0.2129,0
NER_01758,Nagaland,25.3693,94.47179,2.5,4.62,14.08,51.56,47.52,974.7,2.09,3,132.7,0.1042,1
NER_01759,Meghalaya,25.68393,90.73001,2.24,16.7,9.44,48.3,31.13,1733.2,28.61,3,78.9,0.0105,0
NER_01760,Sikkim,27.76748,88.27689,29.65,29.65,211.02,79.32,26.12,2528.8,22.24,0,332.8,0.0953,0
NER_01761,Nagaland,26.09099,93.66557,3.36,3.36,50.33,43.95,35.82,892.4,18.2,1,96.4,0.0096,0
NER_01762,Manipur,24.53253,93.13697,54.47,55.78,345.84,81.47,24.57,1667.7,0.22,0,120.9,0.7148,1
NER_01763,Manipur,24.25954,93.68802,22.34,93.07,227.34,70.28,19.24,1458.3,22.06,1,47.6,0.3356,1
NER_01764,Mizoram,23.48296,92.21949,5.39,7.35,22.71,37.93,28.34,990.3,12.64,0,265.1,0.0024,0
NER_01765,Assam (Barak/Dima Hasao),25.06784,93.62833,22.21,226.29,588.2,98.0,19.51,522.8,2.09,0,58.5,0.9997,1
NER_01766,Nagaland,26.51698,94.26469,31.39,227.35,682.47,98.0,36.39,1125.9,2.72,0,325.0,0.9997,1
NER_01767,Sikkim,27.63538,88.31266,7.37,15.22,52.75,49.52,46.19,2972.3,8.03,4,411.2,0.1215,0
NER_01768,Mizoram,23.38023,93.168,2.07,11.76,19.69,24.36,27.14,397.7,2.67,0,229.7,0.0019,0
NER_01769,Mizoram,21.91178,93.11443,4.88,24.65,44.37,34.07,15.99,1308.7,1.17,1,151.9,0.0037,0
NER_01770,Assam (Barak/Dima Hasao),25.40158,93.32466,6.93,16.06,52.33,35.16,16.17,513.4,0.2,2,152.9,0.005,0
NER_01771,Nagaland,26.31821,95.02555,2.69,23.31,26.88,36.82,30.52,2399.0,1.94,1,397.6,0.0087,0
NER_01772,Assam (Barak/Dima Hasao),25.81905,92.50007,49.0,163.99,311.33,87.67,35.25,485.3,5.63,5,289.8,0.9979,1
NER_01773,Mizoram,22.63863,92.44898,19.18,234.69,681.55,98.0,42.07,1082.0,8.17,1,182.0,0.9997,1
NER_01774,Assam (Barak/Dima Hasao),25.99962,93.30726,3.48,22.53,47.72,36.51,17.01,1186.5,2.98,0,311.1,0.0024,0
NER_01775,Manipur,25.50907,94.44277,5.65,6.02,19.42,37.17,24.7,1817.6,14.89,0,982.3,0.0006,0
NER_01776,Assam (Barak/Dima Hasao),26.02436,92.9212,47.55,70.01,436.91,97.34,40.02,903.7,4.24,2,182.1,0.9912,1
NER_01777,Assam (Barak/Dima Hasao),25.07421,93.21701,19.67,138.59,338.4,92.33,26.63,1377.6,0.71,2,474.5,0.9847,1
NER_01778,Nagaland,26.35686,94.25706,22.53,121.84,553.03,98.0,32.44,908.3,18.72,1,107.8,0.9967,1
NER_01779,Sikkim,28.03989,88.67262,40.09,149.49,515.74,98.0,39.64,2532.7,2.64,2,74.7,0.9996,1
NER_01780,Manipur,24.17273,93.66741,2.41,20.95,53.15,50.32,39.11,1026.2,10.02,2,12.2,0.0639,0
NER_01781,Assam (Barak/Dima Hasao),25.04228,93.07887,48.98,217.89,497.31,98.0,20.49,947.0,3.99,1,298.2,0.9993,1
NER_01782,Tripura (Jampui Hills),23.76497,92.09748,33.13,128.05,308.47,85.17,21.28,216.8,2.55,0,68.4,0.9225,1
NER_01783,Nagaland,26.78072,94.9515,52.79,74.66,172.29,63.62,27.03,2180.7,5.17,1,203.9,0.3088,0
NER_01784,Tripura (Jampui Hills),23.85469,91.98488,33.18,189.82,246.54,76.32,14.35,690.2,0.74,0,159.3,0.929,1
NER_01785,Nagaland,26.52925,94.81299,44.43,69.94,542.37,98.0,22.46,1238.2,5.65,0,85.8,0.9724,1
NER_01786,Assam (Barak/Dima Hasao),25.31164,92.97874,42.42,168.8,610.75,98.0,26.55,992.2,9.04,5,140.5,0.9997,1
NER_01787,Meghalaya,25.16313,92.00684,32.09,170.12,469.16,95.21,30.12,1610.5,11.2,1,136.8,0.9981,1
NER_01788,Arunachal Pradesh,29.48086,92.02058,5.84,10.04,4.59,36.46,57.07,3098.3,5.58,2,148.5,0.0701,0
NER_01789,Meghalaya,25.55965,92.09234,46.2,166.02,582.35,98.0,23.28,1651.6,0.2,2,330.2,0.9993,1
NER_01790,Arunachal Pradesh,28.63604,93.71316,14.27,51.92,186.62,73.04,40.5,2300.9,3.76,1,241.1,0.5844,0
NER_01791,Manipur,24.74312,94.63488,4.9,220.79,280.98,88.03,32.82,825.3,14.57,2,244.0,0.9973,1
NER_01792,Assam (Barak/Dima Hasao),24.84512,93.17837,3.64,12.51,10.06,50.27,31.53,465.1,6.42,3,73.0,0.0288,0
NER_01793,Sikkim,27.20678,88.54514,1.81,19.58,28.85,32.51,40.04,2185.3,18.2,3,45.5,0.0209,0
NER_01794,Assam (Barak/Dima Hasao),25.37907,93.79594,9.49,128.73,243.29,69.9,25.62,1051.1,0.8,0,56.9,0.8288,1
NER_01795,Mizoram,22.59559,93.33361,1.34,19.4,21.88,24.16,23.13,1371.7,13.49,0,753.3,0.0006,0
NER_01796,Arunachal Pradesh,27.53118,95.23571,4.43,22.92,58.27,33.13,30.06,2102.3,5.91,2,282.8,0.0123,0
NER_01797,Meghalaya,25.43911,90.83549,31.03,186.5,473.87,98.0,27.46,1208.3,1.84,3,221.4,0.9995,1
NER_01798,Mizoram,24.39735,92.27804,34.24,220.81,297.07,85.57,27.45,1179.7,2.4,2,1004.8,0.9939,1
NER_01799,Tripura (Jampui Hills),24.24456,91.9453,17.65,49.82,486.89,98.0,20.24,469.7,7.09,4,47.6,0.9757,1
NER_01800,Mizoram,22.54859,92.59881,2.54,28.25,196.54,64.91,29.53,960.1,15.12,5,96.7,0.3714,0
NER_01801,Meghalaya,25.70455,90.09942,5.93,7.82,27.4,44.78,67.68,1887.4,10.79,1,199.1,0.1478,0
NER_01802,Nagaland,25.78597,94.98406,16.15,153.12,590.3,98.0,43.4,1849.3,29.12,1,25.9,0.9994,1
NER_01803,Meghalaya,25.12062,92.7151,47.04,216.41,646.1,98.0,39.66,1977.5,32.23,1,239.2,0.9997,1
NER_01804,Manipur,24.10407,93.45011,28.46,169.58,484.35,98.0,29.43,904.7,6.14,1,175.0,0.9987,1
NER_01805,Assam (Barak/Dima Hasao),25.96992,93.29587,0.09,17.71,44.75,39.9,20.0,584.8,6.02,2,171.6,0.0065,0
NER_01806,Arunachal Pradesh,27.97683,96.06038,2.14,16.53,54.77,31.89,45.43,2181.4,9.72,0,10.0,0.0198,0
NER_01807,Manipur,24.28277,93.34447,7.97,20.29,19.87,50.96,24.86,901.3,7.53,0,101.9,0.0076,0
NER_01808,Sikkim,27.77715,88.13268,15.89,193.04,597.33,98.0,39.06,1874.0,0.2,1,84.9,0.9997,1
NER_01809,Arunachal Pradesh,29.0416,96.81845,6.42,145.4,291.13,71.86,40.11,3591.2,4.08,5,845.6,0.9886,1
NER_01810,Assam (Barak/Dima Hasao),25.349,93.46293,4.25,5.51,33.53,52.44,23.76,800.3,3.94,2,109.4,0.013,0
NER_01811,Assam (Barak/Dima Hasao),25.28663,93.47616,7.42,10.42,7.68,49.52,27.83,1218.0,14.16,0,123.3,0.0045,0
NER_01812,Meghalaya,25.99306,92.19809,6.22,184.48,620.63,98.0,25.44,1744.6,0.2,0,444.0,0.9995,1
NER_01813,Sikkim,27.23575,88.01501,4.48,19.13,43.79,53.28,30.74,2793.6,10.48,3,184.0,0.0372,0
NER_01814,Nagaland,25.33215,94.65147,21.0,43.83,181.55,73.59,42.19,1807.9,6.63,0,112.2,0.479,1
NER_01815,Sikkim,27.90208,88.29824,5.01,18.98,24.24,46.19,46.09,2305.9,4.0,0,203.3,0.0363,0
NER_01816,Arunachal Pradesh,27.63999,95.46498,10.73,214.33,480.82,98.0,54.96,2398.4,11.91,4,191.3,0.9997,1
NER_01817,Sikkim,27.83615,88.0997,51.93,135.42,299.53,71.32,39.34,2494.3,1.88,1,178.3,0.9751,1
NER_01818,Sikkim,27.67189,88.3593,6.21,144.34,324.96,89.66,47.18,1973.0,5.23,0,82.4,0.9954,1
NER_01819,Mizoram,22.11102,92.77309,39.55,155.1,308.64,84.12,40.91,834.8,9.88,1,43.2,0.9926,1
NER_01820,Nagaland,26.94732,94.03297,2.95,2.95,37.03,29.0,34.17,2198.1,4.48,0,32.0,0.0048,0
NER_01821,Assam (Barak/Dima Hasao),25.29783,92.94561,40.3,149.74,286.65,70.77,10.55,826.2,4.58,4,236.3,0.9117,0
NER_01822,Sikkim,27.6223,88.18589,2.15,2.15,44.18,42.83,36.58,1464.1,0.5,0,383.4,0.0098,0
NER_01823,Nagaland,25.46025,94.29622,35.31,107.3,159.27,64.66,35.93,792.5,1.94,2,229.2,0.7803,1
NER_01824,Meghalaya,25.82402,92.42273,13.62,203.66,383.8,90.33,22.42,1715.1,12.62,0,89.2,0.9943,1
NER_01825,Arunachal Pradesh,28.88368,94.6619,10.17,18.55,158.82,58.65,29.92,2988.9,0.88,0,75.7,0.0749,0
NER_01826,Nagaland,26.87651,94.86692,17.84,223.17,636.82,98.0,42.75,990.9,5.48,0,101.2,0.9997,1
NER_01827,Meghalaya,25.63937,90.25947,11.05,127.8,489.83,98.0,7.05,1183.3,4.2,2,649.2,0.9704,1
NER_01828,Arunachal Pradesh,28.66796,96.59875,6.74,211.82,488.88,97.78,51.51,2253.4,6.51,3,279.9,0.9997,1
NER_01829,Manipur,24.59189,93.39158,3.19,141.27,520.81,98.0,20.92,848.5,8.2,0,345.0,0.9919,1
NER_01830,Meghalaya,25.64643,89.99402,19.97,84.03,465.37,98.0,33.01,1017.4,1.33,2,81.2,0.9937,1
NER_01831,Assam (Barak/Dima Hasao),26.08471,93.36788,3.47,11.9,26.4,33.27,30.65,1356.9,11.42,1,258.3,0.0041,0
NER_01832,Sikkim,27.52955,88.32548,26.95,236.4,460.76,95.77,33.95,2720.7,8.37,2,254.5,0.9997,1
NER_01833,Manipur,25.60642,94.30666,0.9,17.35,17.91,27.37,28.38,1251.5,7.58,4,166.8,0.0101,0
NER_01834,Tripura (Jampui Hills),23.62499,91.83057,14.74,79.74,542.16,98.0,13.8,795.8,3.24,0,151.7,0.9581,1
NER_01835,Nagaland,26.44962,94.21914,40.76,92.09,413.76,92.42,45.01,2346.3,5.05,1,128.2,0.9932,1
NER_01836,Arunachal Pradesh,27.90278,95.21745,32.85,202.65,536.02,98.0,42.31,2484.5,1.25,1,116.7,0.9997,1
NER_01837,Arunachal Pradesh,27.95795,95.08683,50.18,217.03,485.94,98.0,46.25,2271.0,5.57,2,128.7,0.9997,1
NER_01838,Manipur,24.25284,94.33499,53.72,105.1,401.91,82.63,24.76,525.3,2.88,0,10.0,0.9476,1
NER_01839,Meghalaya,25.32904,92.73722,32.31,140.09,491.23,98.0,26.94,994.5,13.26,3,70.4,0.9979,1
NER_01840,Nagaland,25.87115,94.75651,36.93,93.29,428.3,97.68,34.64,1933.0,1.7,3,26.6,0.996,1
NER_01841,Meghalaya,25.4945,89.9058,18.57,149.41,604.28,98.0,23.28,1749.4,8.31,1,167.8,0.9986,1
NER_01842,Meghalaya,25.77434,90.8955,12.49,167.29,356.12,84.32,23.8,1508.9,6.38,3,220.1,0.9924,1
NER_01843,Mizoram,22.85684,93.00857,6.52,136.12,287.67,81.55,23.19,1584.9,4.19,1,151.5,0.9351,1
NER_01844,Mizoram,23.49144,92.28929,47.11,153.26,377.76,96.65,45.75,1401.7,19.33,0,169.6,0.9963,1
NER_01845,Arunachal Pradesh,27.93935,96.13135,20.03,20.03,366.65,89.57,33.15,2421.6,13.73,0,296.5,0.6078,1
NER_01846,Tripura (Jampui Hills),24.17354,91.937,2.74,12.84,58.46,53.2,19.16,229.7,14.84,1,41.6,0.0066,0
NER_01847,Mizoram,24.23201,92.76505,4.67,13.08,25.75,23.1,39.55,936.7,12.06,0,543.7,0.0026,0
NER_01848,Manipur,25.61814,94.43418,43.86,222.74,516.25,98.0,24.17,1257.3,8.58,0,43.3,0.9995,1
NER_01849,Manipur,25.40151,94.45802,39.1,76.39,518.01,98.0,33.97,799.8,11.36,0,829.4,0.9662,1
NER_01850,Nagaland,26.86416,93.50781,11.94,63.11,507.73,98.0,47.43,2063.0,6.08,3,588.7,0.9964,1
NER_01851,Arunachal Pradesh,26.93315,92.73647,0.8,10.72,18.05,47.25,47.91,2089.0,0.85,1,147.0,0.0575,0
NER_01852,Tripura (Jampui Hills),24.4391,91.9561,49.67,87.82,556.47,98.0,17.41,388.4,23.37,0,184.7,0.9451,1
NER_01853,Assam (Barak/Dima Hasao),24.81599,92.50227,0.26,0.26,25.31,35.24,30.27,150.0,20.22,1,164.9,0.0024,0
NER_01854,Mizoram,23.91625,92.65266,28.45,108.61,569.92,98.0,31.79,1176.8,5.28,2,292.0,0.9979,1
NER_01855,Assam (Barak/Dima Hasao),25.58528,93.41948,2.63,9.68,17.84,34.02,31.14,989.7,6.83,0,543.0,0.0024,0
NER_01856,Tripura (Jampui Hills),23.79851,92.15329,6.37,9.67,54.7,39.92,22.14,654.9,10.12,2,65.6,0.0064,0
NER_01857,Tripura (Jampui Hills),24.14517,91.93768,3.08,3.08,4.15,39.55,31.25,1137.3,49.92,2,226.7,0.001,0
NER_01858,Assam (Barak/Dima Hasao),26.19086,92.69908,1.67,1.67,14.94,45.5,6.65,1377.7,4.96,0,809.3,0.0003,0
NER_01859,Arunachal Pradesh,29.3578,93.90917,16.65,129.76,324.84,93.96,47.57,2605.4,4.41,2,353.4,0.9965,1
NER_01860,Mizoram,22.41737,93.39239,14.68,15.96,208.9,67.71,31.18,555.1,14.06,0,456.9,0.0687,0
NER_01861,Meghalaya,25.53202,90.81422,7.26,18.36,18.26,46.78,31.73,1922.3,11.81,2,32.6,0.0182,0
NER_01862,Mizoram,22.39244,92.88563,4.82,8.47,45.5,23.5,15.08,1927.3,7.0,1,215.8,0.0009,0
NER_01863,Meghalaya,25.87132,91.89778,39.03,44.15,483.69,98.0,34.94,1744.3,5.55,4,559.3,0.9854,1
NER_01864,Mizoram,23.87799,92.95744,26.63,186.89,398.56,90.98,30.12,969.4,4.76,1,30.6,0.9981,1
NER_01865,Sikkim,27.01033,88.25183,1.87,16.91,40.1,22.8,30.08,3086.5,8.54,2,221.2,0.005,0
NER_01866,Mizoram,22.01598,92.47096,2.11,24.59,53.77,50.39,28.58,1905.2,11.04,2,150.0,0.0246,0
NER_01867,Sikkim,27.33241,88.25282,7.93,21.09,32.48,33.55,35.38,2175.3,2.89,3,144.4,0.0281,0
NER_01868,Nagaland,25.49196,93.39778,0.94,20.07,24.81,23.76,20.49,1065.7,17.73,1,216.7,0.001,0
NER_01869,Tripura (Jampui Hills),23.8922,92.32867,38.21,117.58,222.47,73.17,11.28,1056.2,3.46,0,40.6,0.4823,1
NER_01870,Sikkim,27.83403,88.52197,33.28,204.64,405.17,91.18,48.37,1960.6,9.25,1,107.3,0.9997,1
NER_01871,Assam (Barak/Dima Hasao),24.89475,93.22716,3.0,22.26,26.34,21.43,38.27,458.7,5.18,2,495.7,0.008,0
NER_01872,Assam (Barak/Dima Hasao),25.00204,92.81195,2.13,2.13,56.78,54.59,18.38,800.2,10.95,2,146.8,0.0072,0
NER_01873,Assam (Barak/Dima Hasao),25.04135,93.42496,14.82,58.33,512.07,98.0,34.98,851.0,18.5,4,84.7,0.9922,1
NER_01874,Mizoram,22.5558,92.6549,14.01,236.6,382.97,82.03,23.9,1371.4,17.63,3,758.8,0.997,1
NER_01875,Assam (Barak/Dima Hasao),25.65676,93.41611,27.57,45.72,230.36,73.3,27.51,1149.8,16.96,0,37.9,0.2262,0
NER_01876,Nagaland,25.65686,94.98298,44.38,145.2,514.25,98.0,32.99,1190.8,5.21,5,70.4,0.9997,1
NER_01877,Nagaland,25.50009,93.96512,21.35,238.51,705.29,98.0,33.13,1706.2,12.96,0,916.5,0.9997,1
NER_01878,Assam (Barak/Dima Hasao),25.57091,93.39256,0.6,4.22,14.95,36.82,14.23,370.2,9.08,0,320.1,0.0006,0
NER_01879,Meghalaya,25.65929,91.95125,31.99,44.64,439.64,98.0,34.98,1213.7,4.29,0,224.0,0.9473,1
NER_01880,Manipur,25.5474,93.93491,45.32,194.37,302.53,73.99,32.68,1784.0,0.63,3,409.4,0.9955,1
NER_01881,Nagaland,25.40674,93.31585,27.85,172.86,283.32,81.98,37.18,1586.5,6.51,0,10.0,0.9899,1
NER_01882,Meghalaya,25.23506,89.86361,5.54,81.95,538.15,98.0,25.89,811.9,8.54,0,321.1,0.9768,1
NER_01883,Meghalaya,25.15,92.46414,32.27,53.5,389.93,93.27,42.44,1223.7,5.03,2,10.0,0.982,1
NER_01884,Manipur,25.36795,93.41366,2.71,226.24,341.13,91.77,27.46,967.1,6.12,2,86.5,0.999,1
NER_01885,Mizoram,23.69087,92.4594,9.13,235.01,334.1,83.53,27.83,638.7,4.44,3,499.6,0.9987,1
NER_01886,Nagaland,26.53475,94.3099,7.85,14.14,29.78,54.14,30.87,1499.8,8.05,0,113.5,0.0131,0
NER_01887,Sikkim,27.67917,88.31536,53.39,68.61,415.88,94.49,35.51,2146.6,15.09,0,321.7,0.9312,1
NER_01888,Mizoram,23.86027,92.90259,0.62,22.86,48.63,49.48,30.24,663.7,0.87,1,694.8,0.0144,0
NER_01889,Tripura (Jampui Hills),23.58328,92.16093,2.48,2.77,47.5,26.42,19.58,1454.1,5.03,3,153.8,0.0032,0
NER_01890,Tripura (Jampui Hills),24.32673,92.14969,4.45,4.45,39.19,53.87,16.78,715.0,7.36,1,197.1,0.0043,0
NER_01891,Tripura (Jampui Hills),23.73563,92.3544,20.16,83.79,397.14,96.2,23.99,150.0,5.23,4,74.6,0.9839,1
NER_01892,Tripura (Jampui Hills),24.01889,91.89887,6.93,7.68,53.66,42.67,28.63,537.9,5.18,0,130.3,0.0069,0
NER_01893,Sikkim,27.83919,88.20375,5.77,24.03,37.59,39.87,49.69,1947.9,8.19,0,159.1,0.04,1
NER_01894,Meghalaya,25.47706,90.86301,2.93,17.35,8.31,40.79,33.28,1810.4,2.72,0,120.3,0.0092,0
NER_01895,Mizoram,22.97274,92.91951,1.19,22.81,40.73,28.46,44.38,1421.3,10.12,0,443.3,0.0094,0
NER_01896,Meghalaya,25.77693,90.35304,2.61,233.17,268.91,80.87,35.2,1714.3,0.54,1,503.0,0.9974,1
NER_01897,Mizoram,22.46531,92.59595,42.37,69.53,456.8,98.0,32.84,556.0,4.76,0,43.0,0.9771,1
NER_01898,Assam (Barak/Dima Hasao),25.75815,93.77623,42.76,192.67,297.44,82.88,13.83,803.4,21.77,8,71.7,0.9953,1
NER_01899,Mizoram,22.94698,92.21272,23.55,112.27,521.36,98.0,36.52,1157.9,6.62,1,303.6,0.997,1
NER_01900,Nagaland,25.74199,94.15806,15.17,222.24,331.46,80.05,17.75,1553.6,9.78,0,268.7,0.9851,1
NER_01901,Sikkim,27.80818,88.39859,0.15,17.1,24.01,31.18,44.13,1677.5,23.36,0,54.7,0.0069,0
NER_01902,Manipur,25.30325,94.24,1.77,20.65,5.92,20.69,41.56,1305.5,9.47,0,55.2,0.0056,0
NER_01903,Nagaland,25.8127,94.49524,3.81,3.81,45.49,20.76,44.01,1643.9,1.6,0,92.8,0.0084,0
NER_01904,Arunachal Pradesh,27.07263,96.41359,7.08,70.92,160.35,67.35,36.77,2763.7,3.41,0,18.8,0.4889,1
NER_01905,Meghalaya,25.42907,90.86948,1.31,1.31,9.11,48.62,21.67,1299.4,13.04,5,77.6,0.0125,0
NER_01906,Arunachal Pradesh,27.67981,91.92724,27.77,195.18,241.19,67.34,37.64,2470.5,13.41,3,35.3,0.992,1
NER_01907,Arunachal Pradesh,29.21026,93.59578,0.88,15.41,52.47,44.22,40.73,2571.3,2.97,5,670.6,0.0796,0
NER_01908,Arunachal Pradesh,27.57383,97.19636,2.92,235.65,449.96,95.92,27.47,2914.1,12.78,0,180.9,0.9993,1
NER_01909,Meghalaya,25.77048,90.20238,5.94,5.94,7.89,20.03,40.03,921.8,16.48,2,555.9,0.0026,0
NER_01910,Meghalaya,25.38139,90.66749,0.62,14.89,27.63,26.64,43.58,1584.4,8.62,1,111.0,0.0129,0
NER_01911,Assam (Barak/Dima Hasao),24.83357,93.80658,0.4,10.44,5.76,27.58,38.8,927.8,0.31,0,620.6,0.0037,0
NER_01912,Meghalaya,25.58415,90.42137,27.08,40.62,505.72,98.0,27.29,2459.1,3.96,0,696.2,0.8971,1
NER_01913,Arunachal Pradesh,29.29779,97.08578,22.15,140.28,511.68,98.0,40.14,2956.4,0.29,1,101.6,0.9993,1
NER_01914,Sikkim,27.01323,88.85432,1.23,23.59,17.42,26.76,36.84,1972.3,0.2,2,201.8,0.0157,0
NER_01915,Assam (Barak/Dima Hasao),25.19581,93.15255,4.16,15.09,57.14,40.94,26.41,1383.2,12.15,5,62.7,0.0297,0
NER_01916,Arunachal Pradesh,26.80972,93.03182,25.04,74.27,120.17,51.52,54.18,2521.0,1.83,1,20.7,0.6821,1
NER_01917,Meghalaya,25.88156,90.81288,1.66,19.89,49.26,30.63,29.58,1215.7,4.43,1,11.6,0.0092,0
NER_01918,Meghalaya,25.5534,92.54832,19.56,202.85,388.6,88.79,32.22,1247.0,21.51,0,10.0,0.9964,1
NER_01919,Mizoram,23.90338,93.04421,39.36,39.36,421.6,98.0,23.34,1233.4,9.04,0,170.9,0.8084,1
NER_01920,Manipur,23.82397,93.18629,17.68,163.09,641.65,98.0,32.6,1089.1,24.62,5,85.6,0.9997,1
NER_01921,Sikkim,27.73239,88.52753,7.16,122.62,292.06,80.79,32.15,2114.5,15.0,1,153.2,0.9284,1
NER_01922,Nagaland,25.64772,93.71754,2.94,154.15,285.87,78.26,40.9,1455.1,6.95,0,93.8,0.9835,1
NER_01923,Nagaland,25.39144,95.18402,21.04,154.32,496.25,95.69,23.18,1267.1,3.02,0,351.2,0.9948,1
NER_01924,Arunachal Pradesh,26.96561,96.16793,5.95,7.17,22.34,35.81,39.79,2508.5,1.45,0,34.7,0.0123,0
NER_01925,Meghalaya,25.26601,90.03644,4.15,4.15,51.72,20.42,29.76,1049.7,0.36,0,641.1,0.0014,0
NER_01926,Assam (Barak/Dima Hasao),25.4039,93.49349,3.78,76.97,392.67,82.88,32.5,995.5,1.96,0,187.3,0.9258,1
NER_01927,Mizoram,22.98234,92.59166,10.48,83.16,119.83,66.99,17.79,1290.7,14.13,3,483.6,0.156,1
NER_01928,Assam (Barak/Dima Hasao),25.06795,92.5987,30.25,203.0,282.45,76.2,22.01,948.0,0.64,1,64.2,0.9876,1
NER_01929,Assam (Barak/Dima Hasao),25.75066,93.38382,15.98,16.44,84.81,63.16,31.7,150.0,12.41,2,71.4,0.065,0
NER_01930,Meghalaya,25.84774,92.24375,5.81,14.98,53.3,34.32,25.31,1584.9,10.58,3,118.9,0.0094,0
NER_01931,Mizoram,22.65261,93.36259,35.57,208.02,622.72,98.0,18.27,1229.9,0.78,2,181.2,0.9997,1
NER_01932,Arunachal Pradesh,29.26489,95.68445,23.95,116.35,372.4,86.09,42.91,2945.5,0.98,3,276.0,0.9959,1
NER_01933,Assam (Barak/Dima Hasao),25.43453,92.91428,2.17,8.84,54.63,36.58,20.82,932.5,1.91,0,27.6,0.0036,0
NER_01934,Manipur,24.66968,94.19051,15.69,238.45,470.83,98.0,18.91,788.2,0.45,2,10.0,0.9997,1
NER_01935,Tripura (Jampui Hills),23.50371,92.36554,53.06,56.81,370.34,97.99,20.08,789.8,2.08,2,1698.4,0.5913,1
NER_01936,Manipur,24.61059,94.45632,6.69,9.91,5.26,22.84,35.33,538.9,9.71,1,106.8,0.0036,0
NER_01937,Assam (Barak/Dima Hasao),25.70161,92.91345,29.62,78.2,238.97,70.75,41.24,805.2,2.05,0,668.5,0.6694,1
NER_01938,Nagaland,26.77827,94.01928,17.73,17.73,340.06,97.49,27.15,1101.4,5.85,0,72.7,0.659,0
NER_01939,Tripura (Jampui Hills),24.29793,91.80236,44.87,219.18,517.16,98.0,36.64,1015.5,24.94,3,265.2,0.9997,1
NER_01940,Sikkim,27.48857,88.09294,11.02,23.22,330.45,88.08,41.21,2134.7,0.9,2,137.5,0.9069,1
NER_01941,Arunachal Pradesh,27.50256,95.05151,20.15,106.61,452.21,98.0,46.07,2328.0,2.13,2,90.3,0.9987,1
NER_01942,Mizoram,23.37562,92.33068,34.71,225.78,280.71,80.61,30.34,1108.5,1.9,0,69.9,0.996,1
NER_01943,Assam (Barak/Dima Hasao),26.17193,92.80022,32.1,238.75,366.16,90.54,12.6,603.2,10.77,1,445.2,0.9943,1
NER_01944,Assam (Barak/Dima Hasao),25.77226,92.71668,3.01,20.57,50.75,31.53,9.7,723.8,1.32,4,393.5,0.0038,0
NER_01945,Manipur,25.44494,94.18594,0.99,6.84,12.05,46.78,20.46,1384.4,0.78,2,1178.5,0.002,0
NER_01946,Assam (Barak/Dima Hasao),25.41645,92.54673,40.01,151.69,234.99,69.72,32.55,764.0,8.2,1,65.0,0.9389,1
NER_01947,Mizoram,24.3296,92.64519,37.87,37.87,201.05,73.35,35.28,1172.4,1.87,1,296.0,0.4178,0
NER_01948,Arunachal Pradesh,27.95799,96.58173,3.18,18.11,59.13,46.16,43.72,3231.2,2.31,0,297.4,0.0381,0
NER_01949,Arunachal Pradesh,27.46646,95.12602,25.78,25.78,91.87,59.14,43.81,2492.5,0.2,4,123.3,0.4172,0
NER_01950,Meghalaya,25.83618,91.0724,0.66,18.67,37.61,53.16,19.88,733.2,4.92,1,387.5,0.0071,0
NER_01951,Sikkim,27.05157,88.66588,38.06,143.92,196.97,68.09,46.84,1618.0,1.72,3,274.2,0.9828,1
NER_01952,Assam (Barak/Dima Hasao),25.4693,92.7753,5.02,23.6,27.97,41.98,27.2,685.3,2.45,0,33.3,0.0093,0
NER_01953,Arunachal Pradesh,29.40828,95.84784,41.78,46.43,261.23,62.16,46.44,2693.3,35.27,2,188.9,0.4483,0
NER_01954,Meghalaya,25.53262,89.98939,34.2,41.18,353.69,77.57,27.75,655.7,2.02,0,52.6,0.6569,1
NER_01955,Mizoram,22.72385,92.95081,39.79,190.85,520.74,98.0,22.18,976.2,4.97,0,452.9,0.9982,1
NER_01956,Manipur,25.29795,93.96059,15.78,150.56,388.06,86.89,14.87,1527.2,4.12,1,26.8,0.9758,1
NER_01957,Arunachal Pradesh,29.03698,92.4925,6.41,6.96,57.69,46.14,44.24,2835.8,7.63,2,74.6,0.0582,0
NER_01958,Assam (Barak/Dima Hasao),25.51021,93.72095,18.99,151.12,415.01,92.69,26.64,645.1,12.23,0,11.9,0.9897,1
NER_01959,Arunachal Pradesh,28.2815,95.45956,11.1,122.75,427.14,88.19,42.01,2364.3,19.25,2,45.7,0.995,1
NER_01960,Meghalaya,25.71929,89.84743,40.42,178.01,386.58,92.07,29.16,413.6,24.58,1,30.9,0.9934,1
NER_01961,Meghalaya,25.58167,89.82014,6.37,18.04,58.21,26.84,37.72,1135.9,7.72,1,168.2,0.0111,0
NER_01962,Tripura (Jampui Hills),24.35271,91.98951,34.2,34.2,93.18,61.48,14.24,306.8,8.25,0,318.1,0.0113,0
NER_01963,Tripura (Jampui Hills),23.51185,92.22629,17.46,51.07,507.7,98.0,5.0,1059.1,3.99,2,496.7,0.8205,1
NER_01964,Sikkim,27.59734,88.32534,9.38,71.87,388.74,91.3,33.07,2298.3,23.61,2,215.7,0.9257,1
NER_01965,Manipur,25.3188,93.07077,50.74,111.02,299.93,78.26,13.94,1212.3,5.95,0,253.1,0.6379,1
NER_01966,Manipur,23.81251,94.11093,34.49,168.42,270.5,72.23,26.58,1384.2,1.19,1,442.4,0.9529,1
NER_01967,Mizoram,23.536,92.5915,3.72,230.32,658.57,98.0,38.05,1741.0,3.17,0,288.3,0.9997,1
NER_01968,Nagaland,26.47801,93.54476,10.14,44.03,219.03,68.9,40.06,1695.7,0.39,0,10.0,0.559,0
NER_01969,Mizoram,21.90733,93.2853,53.97,196.55,484.99,98.0,23.4,669.4,16.77,2,55.0,0.999,1
NER_01970,Sikkim,27.95092,88.10067,37.83,203.13,445.19,98.0,33.06,1853.3,1.06,3,383.8,0.9997,1
NER_01971,Mizoram,24.13113,92.50509,30.97,119.47,163.25,62.56,28.78,1500.5,22.9,1,143.1,0.4345,0
NER_01972,Meghalaya,25.39628,91.76766,8.31,146.93,310.0,82.47,46.19,1063.3,6.94,1,295.5,0.9924,1
NER_01973,Sikkim,27.71962,88.86789,19.57,89.23,192.32,70.09,28.17,2485.3,9.77,0,317.2,0.3829,1
NER_01974,Sikkim,27.35681,88.75371,27.88,27.88,372.63,94.88,43.69,2354.4,4.71,0,107.6,0.9252,1
NER_01975,Assam (Barak/Dima Hasao),25.0441,92.97581,2.55,19.41,49.02,44.0,28.11,556.5,3.62,2,22.7,0.0229,0
NER_01976,Tripura (Jampui Hills),23.94532,92.12598,50.15,233.11,272.05,70.84,11.14,503.3,2.0,8,80.9,0.9982,1
NER_01977,Sikkim,27.77737,88.53371,3.28,3.28,36.55,32.88,53.06,2570.0,0.56,4,463.5,0.0783,0
NER_01978,Nagaland,26.38935,93.99248,47.19,126.58,429.85,95.54,42.6,1588.3,10.67,1,130.5,0.997,1
NER_01979,Mizoram,23.94166,93.38733,6.14,11.05,15.01,43.9,31.88,928.1,9.87,2,157.7,0.0119,0
NER_01980,Assam (Barak/Dima Hasao),24.80079,93.29798,2.73,2.73,20.92,25.88,30.59,514.6,6.05,1,742.0,0.0015,0
NER_01981,Mizoram,22.42369,93.05118,28.9,183.38,271.83,72.3,22.77,981.4,0.2,1,79.5,0.9733,1
NER_01982,Mizoram,21.91828,93.38607,4.62,15.11,38.34,50.11,24.91,802.1,0.89,0,70.7,0.0104,0
NER_01983,Tripura (Jampui Hills),23.60513,92.34382,48.74,167.27,533.95,98.0,20.23,410.8,0.4,3,472.6,0.9989,1
NER_01984,Manipur,24.77539,94.32098,53.37,187.57,566.75,98.0,39.24,982.5,7.63,1,263.9,0.9997,1
NER_01985,Sikkim,27.70955,88.42324,2.5,20.6,46.91,43.94,40.83,1872.7,6.99,2,381.9,0.0376,0
NER_01986,Nagaland,26.76519,93.88844,3.39,3.39,38.41,29.97,35.16,2290.1,4.81,1,440.6,0.0048,0
NER_01987,Tripura (Jampui Hills),24.33034,92.39611,34.39,221.91,346.09,89.68,34.77,908.3,22.08,2,71.7,0.9987,1
NER_01988,Sikkim,27.50827,88.54537,3.33,23.05,29.81,54.52,42.79,1181.3,3.62,3,149.7,0.1381,0
NER_01989,Assam (Barak/Dima Hasao),25.46773,92.9332,7.19,239.12,562.59,98.0,36.35,150.0,9.05,1,776.6,0.9997,1
NER_01990,Meghalaya,25.89215,91.85825,12.11,102.28,202.8,65.97,22.71,1622.1,0.21,2,169.3,0.6485,0
NER_01991,Arunachal Pradesh,27.34756,92.91778,0.7,1.08,11.24,54.99,46.44,3089.9,7.41,0,202.0,0.0276,0
NER_01992,Assam (Barak/Dima Hasao),25.24109,92.72207,11.98,74.06,414.55,98.0,25.05,1364.1,9.93,3,83.8,0.9736,1
NER_01993,Meghalaya,25.36282,92.17663,7.86,24.67,2.51,21.29,30.67,1349.9,2.23,1,114.8,0.0046,0
NER_01994,Tripura (Jampui Hills),23.75148,91.91674,7.71,103.12,477.8,98.0,22.06,910.1,21.67,1,80.1,0.971,1
NER_01995,Meghalaya,25.9609,90.24242,2.58,2.58,9.23,51.72,25.31,797.7,0.2,1,10.0,0.01,0
NER_01996,Mizoram,23.60616,92.95878,45.0,72.75,269.12,74.88,25.02,1451.9,4.35,2,71.4,0.7259,1
NER_01997,Assam (Barak/Dima Hasao),25.09714,92.96596,3.91,5.41,38.77,50.02,30.84,1219.5,11.69,2,278.8,0.0126,0
NER_01998,Sikkim,27.28914,88.74113,9.53,163.66,562.48,98.0,38.44,2672.4,9.48,3,127.8,0.9997,1
NER_01999,Sikkim,27.20212,88.61709,36.1,188.98,235.69,74.23,44.84,2616.5,3.75,0,10.0,0.9932,1
NER_02000,Arunachal Pradesh,28.53465,92.53586,8.07,122.02,225.63,74.35,41.01,3097.5,1.87,0,10.0,0.9415,1
NER_02001,Meghalaya,25.59611,90.38091,22.03,149.16,439.26,96.04,33.06,2007.2,2.1,2,483.0,0.9976,1
NER_02002,Arunachal Pradesh,27.17299,94.3823,3.56,12.77,39.14,29.79,37.92,3083.1,0.34,0,204.8,0.009,0
NER_02003,Sikkim,27.34711,88.5584,9.99,47.69,257.79,83.22,55.04,1907.0,6.13,1,45.5,0.9402,1
NER_02004,Sikkim,28.05598,88.88277,1.1,9.14,34.78,50.84,50.19,3148.9,6.45,4,74.8,0.1937,0
NER_02005,Sikkim,27.92911,88.37526,54.96,156.22,598.78,98.0,37.37,2125.8,4.45,3,77.1,0.9997,1
NER_02006,Tripura (Jampui Hills),24.19488,92.08156,26.28,108.73,354.08,85.67,28.97,150.0,0.2,0,298.4,0.9456,1
NER_02007,Assam (Barak/Dima Hasao),24.92097,93.76683,28.79,28.79,328.22,94.95,11.75,702.2,24.55,0,91.4,0.1911,0
NER_02008,Meghalaya,25.7367,92.06767,22.52,226.84,271.81,82.98,30.67,1380.7,0.2,0,169.7,0.9962,1
NER_02009,Sikkim,27.87439,88.06684,26.71,97.73,156.58,53.23,44.86,1715.1,3.8,8,871.8,0.9157,1
NER_02010,Nagaland,25.44037,94.60095,34.69,144.78,213.3,75.41,32.15,1528.6,9.26,0,127.3,0.8941,1
NER_02011,Sikkim,27.57453,88.00249,4.09,217.14,412.3,92.19,35.01,1768.4,9.42,2,288.9,0.9995,1
NER_02012,Tripura (Jampui Hills),24.32701,91.83493,17.56,172.36,494.01,98.0,20.86,662.9,6.35,1,146.1,0.9978,1
NER_02013,Sikkim,27.36028,88.06064,0.22,12.41,44.21,26.18,54.5,2363.8,20.74,0,158.2,0.0133,0
NER_02014,Manipur,24.46123,93.52031,11.12,33.43,508.82,98.0,14.49,1200.7,21.31,0,287.0,0.649,0
NER_02015,Tripura (Jampui Hills),23.76903,92.07643,25.92,148.88,515.69,98.0,14.1,392.4,22.13,2,506.5,0.9863,1
NER_02016,Manipur,24.45844,93.69044,43.26,106.0,186.86,68.43,22.57,602.3,10.84,2,45.3,0.589,0
NER_02017,Arunachal Pradesh,26.77875,96.88843,41.3,110.34,478.56,98.0,49.25,2769.2,12.15,2,65.3,0.9989,1
NER_02018,Tripura (Jampui Hills),23.87932,91.86913,17.96,34.89,422.96,90.82,16.08,252.3,19.93,3,96.5,0.7281,1
NER_02019,Assam (Barak/Dima Hasao),25.5227,92.61038,4.39,105.17,262.63,83.33,10.52,671.1,5.8,0,428.0,0.4591,1
NER_02020,Nagaland,25.67796,93.35094,7.79,234.15,595.64,98.0,26.48,1156.8,1.88,0,361.9,0.9997,1
NER_02021,Arunachal Pradesh,28.90204,96.66961,6.55,18.17,35.79,22.67,39.72,2895.1,9.05,4,235.2,0.0213,0
NER_02022,Assam (Barak/Dima Hasao),24.9649,93.43241,0.32,13.3,52.66,25.47,22.39,1305.4,10.28,0,80.4,0.0016,0
NER_02023,Assam (Barak/Dima Hasao),25.17058,92.98463,29.4,200.9,601.09,98.0,28.26,1208.3,21.56,0,476.9,0.9991,1
NER_02024,Tripura (Jampui Hills),24.42139,92.12884,30.61,168.7,472.68,97.05,29.9,928.0,27.63,3,407.9,0.9974,1
NER_02025,Mizoram,24.33224,93.35009,11.71,74.01,139.34,62.44,32.92,699.5,2.32,1,395.5,0.3137,0
NER_02026,Sikkim,27.88954,88.30972,34.79,221.88,485.2,97.94,48.5,2794.4,1.6,1,715.0,0.9997,1
NER_02027,Tripura (Jampui Hills),23.83064,91.96727,9.22,221.57,668.36,98.0,13.99,150.0,11.37,5,67.2,0.9997,1
NER_02028,Mizoram,22.98147,93.26863,1.6,1.6,41.9,33.19,38.03,1207.3,7.37,0,151.1,0.0063,0
NER_02029,Sikkim,27.12197,88.75627,7.37,16.73,24.43,22.45,44.0,1788.6,12.4,1,69.4,0.0097,0
NER_02030,Assam (Barak/Dima Hasao),24.99054,92.68524,0.24,8.38,15.14,31.06,39.95,369.4,0.51,5,156.5,0.0473,0
NER_02031,Assam (Barak/Dima Hasao),24.84917,93.48917,4.41,4.41,53.1,46.27,5.0,1033.1,2.21,0,453.5,0.0008,0
NER_02032,Assam (Barak/Dima Hasao),25.69004,92.72673,3.25,3.25,4.59,20.5,18.55,1524.4,3.47,0,16.2,0.0007,0
NER_02033,Manipur,24.85944,93.87889,29.22,155.08,414.88,91.45,28.15,975.4,4.02,0,298.5,0.9915,1
NER_02034,Nagaland,25.34383,95.06718,4.32,22.87,31.4,35.15,40.88,1898.8,9.13,0,37.6,0.0154,0
NER_02035,Arunachal Pradesh,29.00254,95.18072,30.23,50.17,391.88,98.0,57.22,1902.8,7.45,2,48.3,0.9949,1
NER_02036,Sikkim,27.36117,88.04001,6.04,11.51,47.56,25.87,43.58,2334.7,8.98,3,194.3,0.0238,0
NER_02037,Sikkim,27.22878,88.38933,7.56,13.63,8.17,44.58,30.91,2490.0,2.77,3,662.9,0.0122,0
NER_02038,Manipur,24.69528,93.95253,2.15,11.22,13.59,53.95,26.21,150.0,10.25,0,176.2,0.0059,0
NER_02039,Sikkim,27.44737,88.59925,3.84,23.9,42.25,31.97,38.9,2480.5,8.12,0,510.2,0.0075,0
NER_02040,Mizoram,24.3805,92.35488,39.4,62.92,331.75,83.07,35.75,479.2,5.54,2,10.0,0.9321,1
NER_02041,Tripura (Jampui Hills),23.72063,92.18162,2.04,7.8,9.79,46.72,20.6,710.8,3.38,4,148.6,0.0125,0
NER_02042,Arunachal Pradesh,27.52655,93.24212,5.19,22.31,58.98,30.26,37.1,2139.5,12.48,2,992.2,0.0061,0
NER_02043,Tripura (Jampui Hills),24.47107,92.12246,22.72,160.11,294.89,79.05,26.53,962.3,7.01,2,499.2,0.9665,1
NER_02044,Arunachal Pradesh,27.64034,91.56096,39.72,182.87,306.13,80.37,49.09,2527.3,8.9,4,342.7,0.999,1
NER_02045,Nagaland,26.17985,93.92756,5.98,5.98,36.9,40.39,32.59,626.5,4.61,0,472.6,0.0048,0
NER_02046,Nagaland,26.926,94.10132,47.55,227.41,278.65,79.46,30.65,1904.4,8.09,1,57.8,0.9963,1
NER_02047,Sikkim,27.76319,88.21719,18.98,110.47,421.52,98.0,47.96,2041.6,16.15,1,196.5,0.996,1
NER_02048,Sikkim,28.04131,88.32938,10.78,158.07,390.51,97.28,27.91,2287.0,14.55,0,129.3,0.9904,1
NER_02049,Meghalaya,25.99819,92.57801,2.73,7.4,57.64,32.01,25.64,1717.4,7.76,1,620.8,0.0022,0
NER_02050,Arunachal Pradesh,26.57625,93.55562,40.81,40.81,302.09,85.21,47.31,2420.7,7.94,0,309.5,0.8402,1
NER_02051,Mizoram,23.52309,93.33047,6.19,23.56,53.65,42.58,28.03,1121.6,15.35,4,38.7,0.0287,0
NER_02052,Meghalaya,25.45492,90.74001,9.89,81.46,244.6,69.46,27.57,1785.0,9.9,0,446.3,0.385,0
NER_02053,Sikkim,27.86844,88.59833,52.41,189.29,282.96,82.0,29.24,2265.2,7.8,0,56.6,0.986,1
NER_02054,Mizoram,22.34799,93.32463,3.49,14.57,59.92,30.13,43.47,1345.9,2.68,8,10.0,0.2595,0
NER_02055,Sikkim,27.63346,88.08123,4.66,8.84,34.3,22.14,23.64,2250.4,6.42,0,316.8,0.001,0
NER_02056,Tripura (Jampui Hills),24.10778,91.95173,52.61,139.58,437.03,98.0,16.29,1176.3,2.16,0,90.1,0.9851,1
NER_02057,Mizoram,23.97978,93.08922,24.92,150.19,488.71,98.0,29.17,910.8,12.92,2,160.1,0.9979,1
NER_02058,Meghalaya,25.26708,90.51765,6.43,171.56,293.27,77.94,40.95,1483.9,0.99,0,45.2,0.993,1
NER_02059,Meghalaya,25.361,92.37789,37.9,175.07,465.34,98.0,27.02,1311.6,5.97,2,203.0,0.9988,1
NER_02060,Meghalaya,25.70849,92.40658,25.44,198.74,321.85,84.27,40.06,1625.5,8.89,0,124.6,0.9969,1
NER_02061,Assam (Barak/Dima Hasao),26.0334,93.37645,36.73,123.96,159.06,60.17,5.0,835.1,29.14,2,297.5,0.0804,0
NER_02062,Meghalaya,25.89907,92.17955,50.75,50.75,424.3,96.09,13.93,1293.0,13.42,0,68.3,0.6921,1
NER_02063,Nagaland,26.26638,94.11673,41.81,176.0,410.2,98.0,38.47,1458.5,17.98,1,123.9,0.9984,1
NER_02064,Manipur,24.22958,94.48592,5.22,12.6,4.61,49.85,39.6,1110.2,4.01,3,271.3,0.0461,0
NER_02065,Sikkim,27.347,88.79993,5.2,100.3,477.47,88.6,31.84,2234.7,28.34,5,356.5,0.9895,1
NER_02066,Tripura (Jampui Hills),23.52271,92.00722,6.14,6.14,42.94,28.67,12.87,346.1,7.27,3,126.4,0.002,0
NER_02067,Sikkim,27.03221,88.09729,3.37,6.86,2.91,28.74,33.41,1758.1,0.2,0,171.0,0.0037,0
NER_02068,Mizoram,24.09539,93.1589,48.39,133.38,250.09,77.68,14.29,1666.6,12.05,0,533.6,0.533,0
NER_02069,Sikkim,27.9248,88.4436,2.19,13.76,20.26,31.07,46.9,2689.3,3.14,1,294.8,0.0198,0
NER_02070,Mizoram,23.51254,92.33719,3.96,19.46,14.11,39.63,43.68,828.8,0.2,0,93.1,0.0266,0
NER_02071,Tripura (Jampui Hills),23.69545,92.32682,4.15,10.28,26.34,34.47,15.67,741.8,24.43,1,10.0,0.0009,0
NER_02072,Nagaland,26.13107,94.7023,20.3,66.3,302.11,79.89,30.05,1795.0,3.99,1,23.1,0.8179,1
NER_02073,Tripura (Jampui Hills),23.98079,91.82239,11.45,194.83,391.27,95.23,19.31,1079.1,0.2,0,345.9,0.9946,1
NER_02074,Assam (Barak/Dima Hasao),26.04829,92.60177,1.33,1.9,30.98,46.2,29.06,555.3,2.93,4,491.1,0.0173,0
NER_02075,Arunachal Pradesh,27.52509,95.75566,7.4,9.49,45.18,53.01,40.9,2468.9,19.24,0,127.0,0.0173,0
NER_02076,Mizoram,23.19956,92.30741,4.53,7.02,20.28,43.61,53.81,1190.0,2.74,3,79.6,0.1331,0
NER_02077,Sikkim,27.00975,88.89323,29.7,48.71,177.96,64.58,40.11,2304.8,24.86,2,37.0,0.3418,0
NER_02078,Tripura (Jampui Hills),24.4071,92.21219,4.28,9.76,31.82,43.03,15.22,150.0,10.38,2,340.4,0.0025,0
NER_02079,Arunachal Pradesh,29.0132,95.28589,21.12,106.44,549.86,98.0,57.76,2695.1,1.72,0,314.8,0.9995,1
NER_02080,Nagaland,26.74104,94.73187,26.56,182.74,425.98,94.91,34.08,1780.5,13.55,2,206.4,0.9988,1
NER_02081,Assam (Barak/Dima Hasao),25.04181,93.18182,2.28,14.85,21.32,46.21,11.16,479.6,6.87,3,33.1,0.0051,0
NER_02082,Arunachal Pradesh,27.38105,96.51184,3.26,3.26,20.57,53.85,56.91,2520.4,5.17,2,870.0,0.07,0
NER_02083,Meghalaya,25.68352,91.14049,45.25,67.7,401.07,91.62,30.69,1840.9,8.68,0,347.8,0.8952,1
NER_02084,Assam (Barak/Dima Hasao),25.1899,93.5252,17.87,17.87,298.15,75.86,12.94,249.4,9.29,2,11.8,0.1933,1
NER_02085,Nagaland,26.34526,93.9419,4.48,23.66,33.98,23.15,32.06,1588.7,10.73,0,78.9,0.0037,0
NER_02086,Nagaland,25.51271,94.64067,1.62,22.17,53.52,27.46,22.69,862.9,2.25,2,371.7,0.0049,0
NER_02087,Tripura (Jampui Hills),24.21294,92.31567,35.77,214.18,414.44,98.0,13.6,161.7,6.47,2,12.4,0.9984,1
NER_02088,Arunachal Pradesh,28.05296,92.27937,4.76,16.88,31.3,22.55,38.89,2446.2,14.45,3,805.6,0.0052,0
NER_02089,Sikkim,27.53641,88.51917,54.97,161.17,626.69,98.0,12.23,2509.7,0.63,4,74.5,0.9995,1
NER_02090,Mizoram,22.05691,92.89187,29.36,179.63,555.95,98.0,25.0,1457.6,10.52,0,626.2,0.9978,1
NER_02091,Manipur,24.25823,94.79998,27.71,27.71,309.86,70.59,24.23,583.3,6.56,3,325.5,0.4338,0
NER_02092,Arunachal Pradesh,27.22675,93.50601,27.6,51.77,156.47,65.51,45.17,2695.5,8.39,2,440.5,0.4931,1
NER_02093,Assam (Barak/Dima Hasao),25.37671,92.52734,0.51,16.16,21.66,30.76,23.44,384.3,10.15,0,1231.7,0.0005,0
NER_02094,Manipur,25.65267,94.38336,3.58,14.84,59.03,48.38,25.82,1166.9,9.19,2,10.0,0.0181,0
NER_02095,Sikkim,27.5805,88.4609,46.55,51.95,306.37,70.62,38.01,2105.4,9.77,1,412.0,0.647,0
NER_02096,Sikkim,27.6277,88.80037,47.86,177.57,450.94,98.0,30.85,2170.2,2.53,0,297.1,0.9983,1
NER_02097,Sikkim,27.93766,88.7186,42.99,96.1,250.38,71.54,35.74,2053.0,3.33,0,35.7,0.8298,1
NER_02098,Meghalaya,25.50207,91.55794,5.23,187.06,556.72,98.0,20.19,1405.2,0.2,4,10.3,0.9997,1
NER_02099,Mizoram,22.0517,92.35001,34.42,114.74,253.43,68.04,32.17,1174.8,18.75,0,764.6,0.5199,0
NER_02100,Sikkim,28.099,88.4153,9.87,130.86,226.85,64.16,39.1,1894.9,11.44,2,64.4,0.9275,1
NER_02101,Manipur,24.45094,94.00436,40.34,203.61,328.09,85.16,31.25,537.3,7.2,0,318.4,0.994,1
NER_02102,Mizoram,22.40472,92.79108,14.24,189.0,565.85,98.0,33.45,2449.1,1.11,1,109.6,0.9997,1
NER_02103,Mizoram,23.19296,92.41206,48.92,187.54,532.07,98.0,42.18,926.2,0.86,0,65.2,0.9997,1
NER_02104,Nagaland,25.45663,93.69447,35.51,186.37,523.63,98.0,37.18,1458.6,10.87,0,55.0,0.9996,1
NER_02105,Nagaland,25.86084,94.50577,33.4,119.57,347.52,86.18,31.18,1705.1,8.3,4,245.8,0.988,1
NER_02106,Arunachal Pradesh,28.75822,95.6225,6.75,15.7,17.75,32.48,58.62,3240.2,6.78,1,10.0,0.0678,0
NER_02107,Manipur,23.98213,93.88104,45.67,61.41,156.87,68.05,22.76,430.9,4.98,2,142.8,0.2659,0
NER_02108,Assam (Barak/Dima Hasao),25.53135,93.00772,0.95,0.95,36.19,41.25,46.55,932.7,1.14,8,60.0,0.3114,0
NER_02109,Mizoram,23.66207,92.29636,2.9,10.52,20.73,22.82,43.88,995.0,0.8,1,354.3,0.0096,0
NER_02110,Sikkim,27.14054,88.01051,7.92,10.08,27.46,37.3,42.77,1446.7,10.67,1,254.0,0.014,0
NER_02111,Nagaland,26.69191,94.39631,0.02,0.02,31.66,25.13,42.22,1205.0,6.56,1,239.0,0.0069,0
NER_02112,Manipur,24.09014,93.58546,2.06,10.37,35.79,31.79,26.65,729.7,19.05,1,57.6,0.0025,0
NER_02113,Sikkim,27.22117,88.50659,28.0,31.76,87.95,63.02,34.33,1917.4,4.29,1,271.6,0.0982,1
NER_02114,Manipur,25.20283,93.16387,20.6,168.65,636.49,98.0,20.3,543.8,23.19,5,119.6,0.9996,1
NER_02115,Manipur,24.12302,94.31348,32.75,103.07,491.7,98.0,38.17,996.3,2.49,0,974.1,0.9884,1
NER_02116,Sikkim,27.3326,88.46746,6.04,10.33,18.25,47.07,19.03,2842.8,0.2,1,934.1,0.0021,0
NER_02117,Mizoram,23.62763,92.81692,33.77,198.62,530.52,97.47,20.43,829.5,2.62,1,140.9,0.9993,1
NER_02118,Arunachal Pradesh,28.4155,94.85536,50.45,144.3,309.36,82.55,42.55,2969.8,5.4,0,79.3,0.9887,1
NER_02119,Mizoram,23.30286,93.12174,22.62,143.84,470.47,93.16,40.97,754.5,12.35,5,98.5,0.9996,1
NER_02120,Tripura (Jampui Hills),24.04232,92.33636,15.99,115.14,255.62,70.28,42.03,573.3,7.2,4,194.0,0.9752,1
NER_02121,Assam (Barak/Dima Hasao),25.51136,93.36656,37.67,143.4,439.66,96.05,14.98,741.5,10.99,0,68.5,0.9767,1
NER_02122,Manipur,24.30391,93.40012,2.85,4.67,6.13,21.13,43.91,1144.6,2.31,1,100.1,0.0083,0
NER_02123,Tripura (Jampui Hills),23.5635,92.11267,13.23,82.42,473.49,98.0,13.54,943.8,2.97,2,120.2,0.9649,1
NER_02124,Tripura (Jampui Hills),23.7762,92.05819,41.99,197.81,247.74,73.4,23.95,494.8,10.83,0,21.1,0.9602,1
NER_02125,Arunachal Pradesh,29.4371,94.80749,8.5,24.54,427.39,98.0,25.61,2202.8,20.85,0,207.0,0.667,1
NER_02126,Mizoram,22.45863,92.64737,42.62,85.6,452.75,98.0,35.25,857.0,10.05,1,26.5,0.9891,1
NER_02127,Tripura (Jampui Hills),23.69302,92.11119,6.91,119.78,583.18,98.0,21.94,1242.8,0.25,0,87.1,0.996,1
NER_02128,Sikkim,27.42324,88.8229,0.29,15.64,43.44,32.47,42.36,1696.1,7.48,2,30.8,0.0299,0
NER_02129,Meghalaya,25.70466,92.01909,2.41,163.56,228.12,76.68,17.8,981.8,6.87,1,21.2,0.9023,0
NER_02130,Mizoram,23.73855,93.10146,0.43,0.43,55.1,41.01,30.56,1937.0,19.02,5,470.1,0.0127,0
NER_02131,Mizoram,22.43959,92.3686,0.33,21.49,48.5,21.83,24.35,1225.2,3.48,5,10.8,0.0163,0
NER_02132,Mizoram,23.1428,93.01147,3.2,6.37,0.41,22.39,22.74,1615.1,3.61,1,121.7,0.0014,0
NER_02133,Manipur,25.51972,94.42019,24.75,201.79,656.22,98.0,24.0,1062.5,8.39,4,1308.9,0.9997,1
NER_02134,Meghalaya,25.25122,90.15364,6.24,21.59,42.63,50.62,16.56,1714.4,0.52,0,32.4,0.007,0
NER_02135,Mizoram,22.40873,92.41853,8.1,111.57,209.36,68.54,18.56,1837.4,5.67,1,318.8,0.4841,0
NER_02136,Meghalaya,25.86124,92.44442,0.71,8.98,20.63,24.93,44.96,1238.2,6.77,1,198.3,0.0103,0
NER_02137,Mizoram,23.96078,92.20706,6.33,6.33,44.83,49.39,17.78,1704.6,11.97,5,551.7,0.0089,0
NER_02138,Meghalaya,25.72261,91.29869,20.68,74.31,359.03,88.92,43.0,1489.3,11.91,3,79.8,0.9834,1
NER_02139,Sikkim,27.64968,88.7304,3.46,11.42,20.43,39.51,36.96,1450.1,19.42,0,439.6,0.0036,0
NER_02140,Arunachal Pradesh,28.2145,91.74373,7.26,7.26,21.55,54.89,41.39,3147.0,2.56,0,273.5,0.0266,0
NER_02141,Assam (Barak/Dima Hasao),25.0508,93.68716,4.38,150.13,335.56,77.64,18.22,250.2,2.71,1,123.8,0.9509,1
NER_02142,Manipur,24.79643,94.13403,18.22,18.22,482.96,98.0,39.24,1959.6,8.93,1,182.8,0.9566,1
NER_02143,Tripura (Jampui Hills),24.45731,91.85088,2.16,7.71,31.33,52.94,20.48,204.9,11.71,1,142.9,0.0051,0
NER_02144,Assam (Barak/Dima Hasao),25.47636,92.56436,45.56,50.58,484.16,98.0,17.04,987.5,14.62,2,430.8,0.8719,1
NER_02145,Manipur,24.41235,93.49233,46.4,87.23,493.84,98.0,28.08,1453.9,3.34,2,444.7,0.9886,1
NER_02146,Assam (Barak/Dima Hasao),26.03,93.13366,12.56,179.73,312.18,89.25,41.5,1377.1,0.47,2,10.0,0.9988,1
NER_02147,Arunachal Pradesh,29.25563,91.59995,34.04,176.51,262.12,70.34,49.5,2028.4,2.09,2,69.3,0.9969,1
NER_02148,Nagaland,26.84955,94.9893,30.53,208.98,602.33,98.0,35.64,1690.0,13.47,4,255.9,0.9997,1
NER_02149,Mizoram,23.67038,92.96221,24.64,48.43,496.02,98.0,19.56,1526.2,11.49,0,517.6,0.8199,1
NER_02150,Mizoram,22.1411,92.7905,4.53,24.0,48.24,25.27,46.78,906.6,18.52,1,174.4,0.0145,0
NER_02151,Assam (Barak/Dima Hasao),25.28133,93.14843,52.04,116.62,273.63,76.34,26.11,150.0,4.57,0,101.1,0.841,1
NER_02152,Nagaland,26.10408,95.10567,19.06,183.27,270.98,84.05,38.86,1911.9,38.77,3,40.4,0.9898,1
NER_02153,Meghalaya,25.90913,92.70999,29.95,97.24,376.55,84.55,25.51,791.8,6.45,0,1048.3,0.7692,1
NER_02154,Nagaland,25.99449,94.19835,28.53,87.21,430.55,98.0,34.31,1216.0,0.36,0,197.4,0.9845,1
NER_02155,Manipur,23.90567,93.85075,41.75,57.66,254.79,77.29,31.6,1685.8,13.79,2,123.6,0.6499,0
NER_02156,Sikkim,27.52884,88.26598,0.38,0.38,23.26,30.02,41.56,2333.1,12.5,0,10.0,0.0056,0
NER_02157,Assam (Barak/Dima Hasao),26.10392,92.99354,2.42,2.42,7.35,27.94,21.78,441.1,1.83,0,397.0,0.0009,0
NER_02158,Nagaland,26.61388,95.07239,13.99,61.35,376.29,94.73,36.72,1717.5,7.64,0,10.0,0.9464,1
NER_02159,Tripura (Jampui Hills),23.8643,92.22686,29.12,35.77,485.44,98.0,15.0,150.0,10.1,2,330.7,0.841,0
NER_02160,Manipur,24.01965,94.03084,47.98,125.48,285.29,84.85,32.69,1411.7,1.96,1,626.2,0.9457,0
NER_02161,Mizoram,22.4574,92.39221,8.24,80.21,203.25,64.85,37.11,1945.3,3.1,1,662.6,0.5228,0
NER_02162,Mizoram,23.97365,92.86669,54.05,101.62,518.46,98.0,49.85,1034.6,15.64,0,153.6,0.9976,1
NER_02163,Sikkim,27.00411,88.87028,36.19,232.59,616.94,98.0,27.72,2642.0,1.41,8,478.5,0.9997,1
NER_02164,Assam (Barak/Dima Hasao),26.0113,93.25206,0.09,14.97,11.85,30.48,32.5,150.0,11.5,0,75.8,0.0035,0
NER_02165,Assam (Barak/Dima Hasao),25.59789,93.42716,12.73,237.42,309.95,83.35,25.92,1145.1,8.63,1,546.1,0.9953,1
NER_02166,Nagaland,25.57005,93.9461,24.95,84.59,501.69,98.0,37.73,1201.4,16.85,1,29.8,0.992,1
NER_02167,Sikkim,27.96021,88.67443,2.02,23.45,47.36,53.24,51.58,1606.8,5.14,2,91.7,0.209,1
NER_02168,Assam (Barak/Dima Hasao),25.81726,93.31114,15.08,73.05,136.02,57.64,26.75,1334.8,13.73,3,309.3,0.2102,0
NER_02169,Mizoram,24.29563,92.45029,27.24,118.77,382.62,88.63,33.56,990.9,9.35,0,171.6,0.9754,1
NER_02170,Assam (Barak/Dima Hasao),24.90066,93.66683,4.38,24.9,1.41,39.05,28.6,584.0,51.6,0,106.2,0.0007,0
NER_02171,Assam (Barak/Dima Hasao),25.90127,93.69695,5.97,209.82,254.75,81.96,33.68,945.1,0.2,3,473.5,0.9971,1
NER_02172,Meghalaya,25.40088,91.37707,33.01,185.58,333.28,85.35,39.34,1400.5,11.07,1,72.3,0.997,1
NER_02173,Assam (Barak/Dima Hasao),24.93615,93.80728,33.95,156.49,546.82,98.0,24.05,899.2,2.3,1,232.6,0.9985,1
NER_02174,Arunachal Pradesh,29.44372,94.38725,53.82,67.01,300.45,76.73,22.03,2428.9,3.84,2,212.3,0.6879,1
NER_02175,Manipur,25.24718,93.82452,16.15,113.74,214.94,72.26,23.46,840.7,1.52,1,400.4,0.6784,1
NER_02176,Tripura (Jampui Hills),23.60356,92.30655,5.45,11.67,7.11,30.79,14.8,299.5,9.17,2,42.7,0.0016,0
NER_02177,Tripura (Jampui Hills),24.17593,91.92336,38.46,91.57,350.35,92.17,25.22,150.0,15.18,0,848.4,0.7365,1
NER_02178,Meghalaya,25.13144,92.06856,6.64,21.55,49.07,30.27,21.86,1099.2,1.79,0,118.9,0.0034,0
NER_02179,Mizoram,24.48143,92.69287,6.12,16.45,53.1,32.27,40.23,1136.8,1.47,0,168.3,0.0154,0
NER_02180,Nagaland,26.52363,94.28466,6.74,18.61,20.93,48.32,45.44,1279.2,7.72,3,250.6,0.0803,0
NER_02181,Tripura (Jampui Hills),24.40712,92.31812,31.64,53.17,374.53,83.58,12.61,219.3,1.11,0,113.4,0.5415,1
NER_02182,Assam (Barak/Dima Hasao),25.24075,92.81779,53.3,210.05,254.69,70.78,18.23,497.6,0.22,1,421.5,0.9649,1
NER_02183,Mizoram,23.79643,92.64625,38.92,234.6,500.79,98.0,28.64,988.1,10.23,0,130.7,0.9997,1
NER_02184,Sikkim,27.52219,88.41274,15.65,54.75,530.0,98.0,53.25,2445.8,2.57,1,319.8,0.9971,1
NER_02185,Manipur,24.57446,93.92975,2.13,11.68,38.86,54.42,28.77,1399.0,6.97,0,553.8,0.007,0
NER_02186,Assam (Barak/Dima Hasao),26.00928,93.54379,2.69,15.48,15.87,25.13,16.78,761.6,24.23,4,54.7,0.0017,0
NER_02187,Nagaland,26.67269,93.43265,8.09,168.46,466.81,98.0,52.55,1559.3,7.92,1,164.9,0.9997,1
NER_02188,Nagaland,26.26542,94.17682,34.62,34.62,177.84,59.44,25.72,1319.1,5.84,8,497.0,0.4658,1
NER_02189,Tripura (Jampui Hills),24.0281,91.92622,3.74,10.25,11.14,45.42,24.28,150.0,19.38,2,365.8,0.0033,0
NER_02190,Tripura (Jampui Hills),23.83412,92.25373,48.8,50.98,163.03,65.35,38.25,756.8,14.97,2,285.0,0.3325,0
NER_02191,Meghalaya,25.87643,91.50996,5.89,24.0,6.15,27.25,39.3,1734.1,2.34,1,221.8,0.0114,0
NER_02192,Tripura (Jampui Hills),23.91123,92.10033,23.44,25.1,416.29,93.36,40.03,650.3,5.63,5,168.0,0.9833,1
NER_02193,Assam (Barak/Dima Hasao),25.17426,93.19434,44.69,75.5,541.55,98.0,20.49,1228.6,11.46,2,89.7,0.9816,1
NER_02194,Arunachal Pradesh,27.88732,94.09716,5.06,44.09,157.21,66.36,50.81,2161.9,9.37,0,86.0,0.4923,1
NER_02195,Mizoram,23.95884,93.14305,16.15,182.88,439.03,94.05,30.28,1301.7,10.76,0,169.5,0.9973,1
NER_02196,Nagaland,26.79976,94.34657,5.01,24.29,2.02,33.01,24.53,776.6,45.28,1,10.0,0.0008,0
NER_02197,Arunachal Pradesh,26.96355,95.21588,36.9,44.32,500.74,98.0,42.9,2398.0,3.59,0,607.8,0.9753,1
NER_02198,Manipur,25.52948,93.64479,16.58,148.46,539.92,98.0,31.43,1463.7,27.8,5,10.0,0.9994,1
NER_02199,Sikkim,27.88474,88.61436,19.3,36.02,505.4,98.0,39.39,2430.8,1.0,3,247.2,0.9917,1
NER_02200,Manipur,25.12959,94.36451,32.03,43.0,384.9,86.58,28.65,961.6,5.82,3,14.3,0.9206,1
NER_02201,Sikkim,28.0005,88.31193,4.7,15.0,53.1,38.39,24.12,2079.6,1.96,1,146.5,0.0074,0
NER_02202,Nagaland,26.69585,93.92607,42.53,47.7,383.02,94.64,32.18,1234.1,14.17,1,22.1,0.9003,1
NER_02203,Manipur,24.91507,94.56253,40.36,133.77,400.45,95.71,20.99,1398.8,16.37,1,157.3,0.9737,1
NER_02204,Arunachal Pradesh,28.27525,92.96207,26.03,83.25,447.03,98.0,46.27,2520.5,4.4,2,443.8,0.9956,1
NER_02205,Nagaland,26.1225,93.83528,17.4,72.44,285.69,68.91,44.75,1444.9,14.93,2,178.6,0.8671,1
NER_02206,Arunachal Pradesh,26.58029,97.09666,4.07,5.26,51.66,22.72,24.26,3080.0,3.41,1,299.1,0.002,0
NER_02207,Manipur,25.06169,93.80395,21.61,98.72,521.97,98.0,29.23,766.6,11.68,1,171.6,0.9913,1
NER_02208,Tripura (Jampui Hills),23.64838,91.97307,49.31,174.91,598.28,98.0,16.91,150.0,5.27,1,10.0,0.9991,1
NER_02209,Nagaland,26.18535,93.89003,31.87,110.93,229.8,74.31,31.45,1116.2,18.14,4,466.8,0.8595,1
NER_02210,Manipur,24.4268,94.05502,8.57,193.03,392.05,93.07,15.17,1045.4,1.48,1,148.0,0.9947,1
NER_02211,Manipur,24.73256,94.22317,28.31,156.21,310.55,90.6,23.23,1259.5,0.52,0,114.6,0.9775,1
NER_02212,Nagaland,26.92869,93.93914,8.52,112.91,227.21,76.39,27.81,1519.4,3.52,5,546.7,0.9278,0
NER_02213,Mizoram,22.4292,93.1532,42.21,199.58,505.33,98.0,39.3,998.4,28.2,2,133.9,0.9996,1
NER_02214,Sikkim,27.55302,88.68322,35.16,87.24,188.64,68.69,53.39,2454.4,5.13,1,100.0,0.9109,1
NER_02215,Mizoram,22.47998,92.86719,7.65,10.51,31.41,50.92,41.86,747.9,7.66,5,510.7,0.0871,0
NER_02216,Arunachal Pradesh,28.43869,91.64666,4.32,98.12,220.19,70.11,49.34,2801.4,12.49,1,227.3,0.8966,1
NER_02217,Mizoram,23.68353,93.08028,4.35,16.64,53.37,42.27,31.58,950.0,4.55,1,10.9,0.0186,0
NER_02218,Meghalaya,25.60364,91.64481,41.63,116.88,328.76,83.73,11.38,1078.6,22.39,1,349.3,0.6343,1
NER_02219,Manipur,25.20438,93.97862,45.26,123.17,220.17,68.02,23.77,1691.0,1.64,0,363.0,0.6349,1
NER_02220,Mizoram,23.89289,93.11798,4.4,12.96,40.99,35.53,46.37,1239.5,4.55,0,225.3,0.0202,0
NER_02221,Nagaland,26.29689,93.62065,4.93,5.43,47.59,31.72,22.86,1168.3,0.74,4,74.3,0.0113,0
NER_02222,Arunachal Pradesh,27.49084,94.12297,46.89,193.63,565.19,98.0,48.32,2516.6,7.64,0,41.4,0.9997,1
NER_02223,Assam (Barak/Dima Hasao),25.17558,93.83721,9.37,236.93,348.86,87.42,16.83,1018.2,44.17,1,796.9,0.962,1
NER_02224,Manipur,24.30595,94.00833,37.8,75.71,547.28,98.0,23.04,1662.1,2.06,0,166.4,0.9798,1
NER_02225,Assam (Barak/Dima Hasao),25.48872,92.92112,38.38,89.18,382.04,94.64,32.11,425.1,3.17,1,13.2,0.9792,1
NER_02226,Assam (Barak/Dima Hasao),25.71242,93.43252,47.04,214.51,396.3,87.89,19.86,847.8,12.92,1,206.2,0.9956,1
NER_02227,Assam (Barak/Dima Hasao),25.69208,93.17057,3.29,4.14,2.19,28.94,12.57,1011.4,22.59,0,861.4,0.0003,0
NER_02228,Mizoram,24.19531,93.15956,21.54,117.58,192.47,72.31,31.41,1328.0,1.31,8,178.4,0.983,1
NER_02229,Meghalaya,25.61448,91.38304,18.93,86.23,499.73,98.0,34.5,1120.1,13.06,1,246.8,0.9888,1
NER_02230,Nagaland,26.98,95.03364,27.97,238.9,352.67,80.64,42.05,954.5,5.56,4,573.3,0.9997,1
NER_02231,Manipur,24.19369,93.98634,21.27,200.28,249.73,74.98,20.26,1215.1,32.01,3,239.0,0.9466,1
NER_02232,Meghalaya,25.57587,90.84872,46.9,154.08,193.5,60.54,42.62,1057.8,14.34,0,445.8,0.8483,1
NER_02233,Assam (Barak/Dima Hasao),24.93396,92.65829,0.16,0.16,29.04,45.97,26.36,663.4,31.34,3,11.4,0.0045,0
NER_02234,Mizoram,22.00439,92.29217,12.66,79.69,471.3,98.0,37.61,1009.5,17.62,0,128.3,0.98,1
NER_02235,Nagaland,26.99702,93.75449,23.8,34.57,250.77,73.9,36.36,1396.8,2.26,2,146.5,0.6584,1
NER_02236,Assam (Barak/Dima Hasao),24.92103,93.07935,9.36,48.7,284.31,83.82,25.6,455.2,4.34,0,151.1,0.5388,1
NER_02237,Mizoram,22.95347,93.26998,7.34,22.59,50.73,52.32,29.92,977.0,10.3,0,10.0,0.0172,0
NER_02238,Sikkim,27.46889,88.00247,33.74,101.19,522.47,98.0,34.52,2237.3,0.59,0,299.2,0.9948,1
NER_02239,Mizoram,23.39331,92.47556,6.97,17.52,58.1,34.65,7.65,1103.9,7.95,1,188.6,0.0012,0
NER_02240,Sikkim,27.98602,88.52351,30.0,168.77,384.29,98.0,31.84,2500.0,9.8,0,40.0,0.9962,1
NER_02241,Arunachal Pradesh,28.71765,94.94122,43.29,83.58,340.57,91.43,43.49,2682.8,0.57,2,590.9,0.9801,1
NER_02242,Assam (Barak/Dima Hasao),25.88457,93.51277,5.6,17.5,11.61,21.85,31.14,816.8,11.55,0,164.4,0.0019,0
NER_02243,Nagaland,25.41513,94.76503,0.27,0.27,58.0,22.15,44.22,1462.8,4.77,2,39.7,0.0172,0
NER_02244,Arunachal Pradesh,28.61129,96.74294,0.74,20.49,44.69,42.47,51.82,3014.0,14.4,0,59.6,0.045,0
NER_02245,Arunachal Pradesh,27.64205,92.15064,1.91,24.2,46.45,46.72,58.85,2286.5,0.3,2,170.1,0.2859,1
NER_02246,Sikkim,27.75419,88.649,13.23,161.35,411.01,90.15,44.74,2616.6,11.91,2,198.6,0.9988,1
NER_02247,Nagaland,26.35845,93.35307,6.96,15.74,55.68,48.98,21.72,1058.9,10.26,0,107.8,0.0056,0
NER_02248,Arunachal Pradesh,28.2128,97.08837,48.08,144.72,351.1,77.02,40.73,2661.2,5.5,5,120.4,0.9978,1
NER_02249,Manipur,25.03985,94.29823,6.3,20.75,39.46,48.67,31.6,598.1,13.66,1,356.9,0.0114,0
NER_02250,Assam (Barak/Dima Hasao),25.51755,93.71116,2.23,14.69,4.08,40.01,27.66,743.9,7.46,4,62.2,0.017,0
NER_02251,Meghalaya,25.68831,89.94688,37.35,224.04,615.06,98.0,29.92,2299.7,5.54,1,46.0,0.9997,1
NER_02252,Tripura (Jampui Hills),24.32328,92.31068,31.85,213.21,288.46,73.07,20.82,435.8,8.89,1,299.1,0.9782,1
NER_02253,Assam (Barak/Dima Hasao),25.22827,92.53944,6.54,17.15,59.43,25.23,29.84,481.5,3.06,1,123.7,0.0067,0
NER_02254,Meghalaya,25.97384,90.90518,4.88,18.27,46.95,32.31,32.35,1456.6,14.36,4,271.8,0.0158,0
NER_02255,Arunachal Pradesh,26.81752,94.30185,27.97,138.97,497.84,98.0,62.58,2528.2,5.95,2,52.4,0.9997,1
NER_02256,Tripura (Jampui Hills),24.44387,91.96929,1.73,8.33,33.0,28.23,13.66,689.3,15.92,2,243.8,0.0008,0
NER_02257,Tripura (Jampui Hills),24.25173,91.90647,1.19,10.64,34.68,48.34,21.5,685.5,0.67,0,298.5,0.0047,0
NER_02258,Meghalaya,25.61174,92.68649,4.1,139.9,420.47,91.58,26.49,1274.7,2.18,0,246.6,0.9878,1
NER_02259,Tripura (Jampui Hills),23.87391,91.94125,27.44,138.49,389.43,89.12,11.41,738.3,9.36,0,228.0,0.9143,1
NER_02260,Manipur,24.86121,93.72582,32.69,52.17,139.56,67.99,35.33,677.3,2.74,1,150.4,0.3489,0
NER_02261,Arunachal Pradesh,29.217,91.54845,2.61,16.1,3.33,36.88,48.43,2620.8,9.26,3,144.7,0.0497,0
NER_02262,Tripura (Jampui Hills),24.28097,92.13753,51.02,61.44,202.87,70.21,33.05,339.0,19.69,2,59.5,0.4562,1
NER_02263,Arunachal Pradesh,27.98486,91.68995,39.2,192.12,393.36,87.18,25.54,2151.1,4.92,0,79.3,0.9954,1
NER_02264,Manipur,25.47591,93.46185,2.6,20.16,32.23,33.99,37.25,1157.5,6.14,4,391.3,0.0298,0
NER_02265,Mizoram,23.91243,92.89505,33.43,208.07,588.86,98.0,33.93,1471.7,0.9,3,17.5,0.9997,1
NER_02266,Mizoram,22.8069,93.20979,34.4,212.39,519.12,98.0,41.89,1929.7,0.2,3,402.0,0.9997,1
NER_02267,Manipur,25.24906,94.55279,0.71,22.19,4.65,45.08,23.11,770.7,28.36,0,188.0,0.0016,0
NER_02268,Mizoram,22.67888,92.64332,4.03,4.03,11.24,31.7,25.54,1366.5,30.42,1,460.6,0.0006,0
NER_02269,Assam (Barak/Dima Hasao),26.1848,92.50455,15.25,171.55,266.39,79.27,25.3,839.9,2.1,2,393.8,0.9754,1
NER_02270,Tripura (Jampui Hills),24.33653,91.85002,6.67,20.04,55.56,29.07,7.46,801.4,2.08,1,610.7,0.0007,0
NER_02271,Sikkim,27.45883,88.7165,2.7,8.94,23.47,22.61,38.01,2720.2,15.35,0,145.6,0.0027,0
NER_02272,Meghalaya,25.76619,89.80137,15.41,218.73,400.57,96.02,35.58,1691.2,0.9,0,17.4,0.9996,1
NER_02273,Arunachal Pradesh,27.30944,92.65047,5.57,226.58,616.64,98.0,32.33,2403.9,3.57,3,37.8,0.9997,1
NER_02274,Arunachal Pradesh,28.15578,94.13547,4.44,4.44,48.18,25.96,31.86,2214.4,10.39,1,208.6,0.0034,0
NER_02275,Meghalaya,25.67881,90.10793,16.54,16.54,84.38,62.59,29.58,1908.8,19.31,0,30.0,0.0211,0
NER_02276,Mizoram,23.40927,92.54141,0.34,2.7,18.12,21.81,26.68,1372.8,0.2,0,44.3,0.0018,0
NER_02277,Nagaland,26.46331,94.1281,11.89,170.48,266.58,76.23,41.91,1976.3,5.88,1,244.7,0.9897,1
NER_02278,Meghalaya,25.32256,90.95676,7.97,17.35,34.6,53.83,38.07,1167.8,7.46,0,134.6,0.0269,0
NER_02279,Manipur,25.16671,94.00754,30.28,95.84,498.81,98.0,31.97,1128.5,1.69,1,535.7,0.9909,1
NER_02280,Nagaland,26.88136,95.14841,35.38,103.44,508.57,98.0,55.45,1467.8,10.37,2,72.5,0.9994,1
NER_02281,Manipur,23.81905,93.25099,27.13,194.96,591.06,98.0,28.33,1859.2,11.34,0,69.2,0.9996,1
NER_02282,Mizoram,23.59471,92.96138,4.75,103.91,345.3,80.77,32.87,916.9,6.13,2,601.8,0.942,1
NER_02283,Tripura (Jampui Hills),23.98679,91.88046,48.77,202.33,546.86,98.0,32.64,743.2,1.57,0,291.3,0.9997,1
NER_02284,Tripura (Jampui Hills),24.46653,91.88678,29.56,29.56,394.79,83.76,22.55,815.8,1.18,0,141.5,0.6236,1
NER_02285,Mizoram,23.44317,92.78248,36.85,172.35,301.13,82.17,38.38,644.8,24.55,2,66.6,0.9906,1
NER_02286,Mizoram,24.26037,92.97773,50.69,122.57,595.28,98.0,24.84,1751.6,12.01,1,263.1,0.9962,1
NER_02287,Mizoram,22.81593,93.2969,32.67,33.14,255.02,76.39,30.95,913.2,5.89,2,216.2,0.5192,1
NER_02288,Mizoram,22.7124,92.7611,31.23,99.37,454.81,98.0,33.41,1243.9,5.07,3,266.4,0.9955,1
NER_02289,Nagaland,26.21942,94.55138,42.74,173.48,390.05,92.71,22.67,1049.9,4.08,3,152.2,0.9972,1
NER_02290,Arunachal Pradesh,26.71888,96.18685,45.31,89.88,165.25,68.87,62.94,2585.3,3.56,2,44.4,0.9706,1
NER_02291,Sikkim,27.81675,88.5511,0.21,17.6,55.0,34.38,35.6,2344.9,4.27,2,109.4,0.023,0
NER_02292,Meghalaya,25.70527,92.73198,0.52,8.38,1.83,28.31,35.32,1003.2,4.11,1,232.5,0.0049,0
NER_02293,Manipur,24.06727,93.46947,0.99,0.99,42.56,48.91,15.73,1400.5,14.83,3,156.9,0.0043,0
NER_02294,Meghalaya,25.22593,90.04053,5.4,8.83,51.64,45.96,46.72,1674.0,5.98,2,323.2,0.0569,0
NER_02295,Arunachal Pradesh,29.13198,97.22531,13.53,207.74,638.76,98.0,56.18,3191.7,4.66,0,217.7,0.9997,1
NER_02296,Mizoram,24.47538,92.32619,32.82,187.54,569.2,98.0,36.43,1692.5,4.12,5,13.8,0.9997,1
NER_02297,Sikkim,27.02943,88.73264,7.34,17.88,40.65,24.51,27.48,2103.1,0.2,2,88.4,0.0077,0
NER_02298,Nagaland,25.33644,93.78037,36.0,138.78,408.62,91.89,25.56,1381.1,1.16,0,137.3,0.9875,1
NER_02299,Tripura (Jampui Hills),24.36188,92.31242,18.19,62.94,185.15,69.76,15.76,652.6,0.2,0,93.3,0.1611,1
NER_02300,Assam (Barak/Dima Hasao),25.30571,93.7191,19.7,42.44,223.74,71.65,26.54,435.7,4.02,0,247.9,0.228,1
NER_02301,Tripura (Jampui Hills),24.25984,92.3991,0.68,17.31,7.83,33.22,8.29,516.4,2.11,5,137.6,0.0043,0
NER_02302,Tripura (Jampui Hills),24.21531,92.34373,6.05,127.52,366.65,83.79,15.68,806.3,5.17,1,115.9,0.9317,1
NER_02303,Meghalaya,25.57973,91.52128,15.4,76.85,159.46,60.93,22.29,1021.0,12.87,0,176.6,0.1124,0
NER_02304,Meghalaya,25.68068,92.1711,43.28,234.26,560.05,98.0,40.91,1534.3,0.96,1,289.3,0.9997,1
NER_02305,Sikkim,27.27277,88.57031,2.65,2.65,59.07,28.34,52.4,2709.1,13.07,1,241.8,0.0195,0
NER_02306,Manipur,23.86264,94.62095,3.28,7.91,1.87,38.08,33.69,620.4,11.66,1,148.6,0.0055,0
NER_02307,Tripura (Jampui Hills),23.50843,92.38627,2.77,4.65,41.21,43.89,18.38,150.0,0.62,1,153.4,0.0043,0
NER_02308,Arunachal Pradesh,28.76728,95.54262,26.8,148.53,364.46,98.0,39.75,3535.1,15.15,1,699.5,0.992,1
NER_02309,Manipur,25.02425,94.61548,46.46,46.46,376.2,98.0,24.3,1810.4,0.9,4,337.0,0.9468,1
NER_02310,Nagaland,26.09008,95.14281,7.55,13.44,0.94,23.32,50.66,1443.7,2.8,0,146.6,0.0131,0
NER_02311,Nagaland,26.19351,94.07682,3.98,7.52,56.83,44.35,43.16,1704.8,24.13,0,142.0,0.0112,0
NER_02312,Assam (Barak/Dima Hasao),25.45803,92.66097,17.12,119.23,170.38,63.06,28.48,769.7,4.98,2,65.6,0.7396,1
NER_02313,Mizoram,22.24997,93.20813,0.48,15.02,48.65,27.48,45.21,828.9,6.68,2,164.9,0.0268,0
NER_02314,Nagaland,26.63657,93.7324,6.73,14.34,15.67,25.63,21.95,2216.5,4.67,1,337.4,0.0016,0
NER_02315,Nagaland,26.73913,93.5303,16.01,45.58,113.26,55.34,33.23,2045.0,0.49,1,365.0,0.1153,0
NER_02316,Assam (Barak/Dima Hasao),25.94183,92.63566,42.22,70.29,209.2,69.05,25.25,515.5,3.66,0,424.4,0.2668,1
NER_02317,Assam (Barak/Dima Hasao),25.92849,93.15659,10.21,35.57,357.8,89.56,38.42,1470.3,27.41,2,58.9,0.8333,1
NER_02318,Arunachal Pradesh,27.2735,95.32192,36.43,38.05,399.71,95.46,54.94,3097.7,18.5,2,10.0,0.9856,1
NER_02319,Manipur,24.13542,94.75999,6.11,6.11,45.25,39.62,43.1,1012.9,16.0,3,143.9,0.0303,0
NER_02320,Arunachal Pradesh,28.82486,92.21951,3.3,7.78,44.07,44.56,47.02,2695.1,9.25,2,242.7,0.0472,0
NER_02321,Arunachal Pradesh,27.44375,94.13153,0.85,15.62,3.6,49.8,38.25,2723.1,6.13,0,188.7,0.016,0
NER_02322,Nagaland,26.94148,93.64765,41.05,171.07,628.13,98.0,16.75,1594.6,6.48,1,436.4,0.9986,1
NER_02323,Manipur,24.76517,93.05447,35.41,146.83,573.96,98.0,44.04,1226.8,3.04,3,314.8,0.9997,1
NER_02324,Nagaland,26.84172,93.98044,4.7,14.14,15.87,21.19,36.88,1381.6,5.42,1,84.0,0.0058,0
NER_02325,Sikkim,27.05369,88.00784,44.73,181.89,417.75,90.9,51.73,1460.0,20.61,1,197.6,0.9993,1
NER_02326,Tripura (Jampui Hills),23.96264,91.93672,0.52,0.52,6.04,51.01,43.53,150.0,3.47,2,85.7,0.0447,0
NER_02327,Tripura (Jampui Hills),23.65716,92.01628,47.29,144.04,620.28,98.0,23.09,252.0,1.77,1,24.3,0.9991,1
NER_02328,Nagaland,26.04372,94.13668,3.15,7.42,7.46,21.99,30.43,2112.8,3.58,4,395.0,0.0057,0
NER_02329,Sikkim,27.71399,88.20803,51.71,134.51,590.99,98.0,55.39,1939.8,7.03,0,251.7,0.9997,1
NER_02330,Arunachal Pradesh,26.96588,97.04788,4.84,8.4,47.91,46.2,27.81,2909.7,5.54,4,210.9,0.0267,0
NER_02331,Arunachal Pradesh,29.02817,95.89828,6.41,17.03,51.79,35.38,45.95,2426.4,10.33,2,169.8,0.039,0
NER_02332,Mizoram,22.24508,92.37408,0.82,22.86,28.55,34.3,22.04,413.2,1.41,1,58.5,0.0057,0
NER_02333,Sikkim,27.84309,88.2491,52.72,100.0,357.09,92.38,52.06,2362.3,3.95,2,26.1,0.997,1
NER_02334,Manipur,24.8106,94.08558,40.06,227.92,494.57,98.0,26.17,1771.4,2.76,2,221.5,0.9997,1
NER_02335,Assam (Barak/Dima Hasao),25.48652,93.61243,12.26,158.72,584.83,98.0,29.18,1260.7,3.07,0,603.8,0.9985,1
NER_02336,Mizoram,23.48057,93.12368,5.59,125.19,495.65,98.0,16.13,1056.3,25.46,0,10.0,0.9661,1
NER_02337,Nagaland,26.91677,94.62413,2.89,5.41,29.8,32.48,21.15,2040.3,8.78,1,390.2,0.0015,0
NER_02338,Sikkim,27.39171,88.00387,13.11,96.3,340.64,86.46,32.61,2091.3,6.5,0,273.6,0.923,1
NER_02339,Mizoram,22.17417,92.35621,10.48,26.63,497.04,98.0,39.77,941.1,23.43,5,338.8,0.983,1
NER_02340,Arunachal Pradesh,28.31961,96.47674,36.73,48.92,91.3,45.93,38.39,2138.7,4.25,2,10.0,0.17,0
NER_02341,Meghalaya,25.5702,92.33581,13.11,188.8,277.93,77.64,34.56,1765.0,2.25,8,300.7,0.9992,1
NER_02342,Tripura (Jampui Hills),24.44608,91.86899,3.47,13.14,3.4,20.11,9.81,1141.9,0.24,0,10.0,0.0005,0
NER_02343,Meghalaya,25.51837,89.83536,36.43,155.69,376.13,81.46,46.06,1217.3,1.04,0,10.0,0.9973,1
NER_02344,Arunachal Pradesh,29.34848,91.52932,3.3,4.4,14.89,30.19,40.46,2245.9,2.9,0,241.0,0.0062,0
NER_02345,Tripura (Jampui Hills),23.67798,92.05755,31.33,232.72,364.4,94.01,32.77,335.2,1.07,2,36.1,0.9997,1
NER_02346,Arunachal Pradesh,29.23991,95.59187,1.61,23.23,36.29,40.09,34.64,1792.5,1.26,1,122.0,0.0225,0
NER_02347,Assam (Barak/Dima Hasao),25.89776,93.79003,3.36,13.99,52.62,37.88,19.89,150.0,4.77,5,145.7,0.0173,0
NER_02348,Arunachal Pradesh,28.0987,94.17911,17.35,159.25,629.5,98.0,25.55,1908.5,0.72,1,416.6,0.9993,1
NER_02349,Tripura (Jampui Hills),24.03798,92.33566,2.74,2.74,44.43,43.45,25.34,694.2,0.6,0,213.9,0.0049,0
NER_02350,Manipur,25.55997,93.46562,20.26,156.36,276.77,89.95,37.96,1118.6,6.33,0,10.0,0.9896,1
NER_02351,Tripura (Jampui Hills),23.87327,92.27182,1.76,19.34,56.43,53.92,24.16,983.2,9.56,1,353.5,0.0107,0
NER_02352,Tripura (Jampui Hills),24.45283,92.37834,0.21,3.86,14.95,47.31,20.74,402.5,3.62,4,1157.0,0.0036,0
NER_02353,Arunachal Pradesh,28.86301,92.19083,2.04,136.42,492.21,98.0,43.4,3222.5,1.6,2,119.8,0.9995,1
NER_02354,Mizoram,22.95889,92.9269,2.71,6.15,38.21,26.62,15.57,1112.6,1.81,4,19.0,0.0045,0
NER_02355,Arunachal Pradesh,27.80105,97.11727,3.99,20.41,1.66,21.52,36.22,2510.6,7.37,3,502.0,0.0065,0
NER_02356,Tripura (Jampui Hills),23.77236,92.0264,6.94,18.33,4.76,37.09,38.8,945.0,2.28,1,1235.7,0.0046,0
NER_02357,Nagaland,25.55456,94.36366,0.63,11.46,11.19,32.52,21.2,2060.9,13.99,4,68.1,0.0049,0
NER_02358,Tripura (Jampui Hills),24.29999,92.29947,28.47,80.36,353.0,83.53,27.19,578.9,3.76,1,140.1,0.8975,1
NER_02359,Manipur,24.72916,93.65079,38.36,109.11,458.07,98.0,28.33,1244.2,0.92,2,174.8,0.9945,1
NER_02360,Mizoram,23.39823,92.90228,0.36,0.36,41.92,50.14,41.24,1468.7,13.59,0,94.2,0.0155,0
NER_02361,Sikkim,27.31842,88.24579,7.85,201.76,531.8,98.0,19.79,1296.6,3.46,1,396.3,0.9991,1
NER_02362,Assam (Barak/Dima Hasao),25.34682,92.91538,5.22,18.46,22.23,37.2,13.57,1013.8,2.1,0,26.0,0.0019,0
NER_02363,Tripura (Jampui Hills),24.25184,92.0397,0.07,1.17,21.17,43.49,12.9,925.6,4.54,1,72.5,0.0019,0
NER_02364,Manipur,24.91362,93.55953,33.44,131.87,400.02,76.36,43.03,476.2,0.59,1,84.8,0.9946,1
NER_02365,Nagaland,26.53272,93.56931,3.74,4.25,49.61,43.78,34.76,1660.1,9.63,1,10.4,0.0144,0
NER_02366,Assam (Barak/Dima Hasao),25.89917,92.88588,23.42,23.42,126.42,63.56,24.11,1414.8,1.2,1,805.3,0.0309,0
NER_02367,Sikkim,27.21338,88.48959,28.94,222.4,612.84,98.0,42.29,2680.9,18.24,0,10.0,0.9997,1
NER_02368,Arunachal Pradesh,27.52941,94.48892,51.63,58.39,362.27,94.05,34.06,2172.8,3.51,1,27.5,0.9486,1
NER_02369,Mizoram,22.72519,93.32495,23.06,69.35,256.44,69.61,47.87,983.5,1.78,1,311.7,0.8709,0
NER_02370,Mizoram,23.60833,92.444,30.3,71.33,310.11,75.58,35.72,1541.5,6.85,2,341.2,0.8596,1
NER_02371,Assam (Barak/Dima Hasao),26.06554,93.4695,33.95,74.34,295.4,76.96,11.88,358.5,39.91,2,619.6,0.1179,0
NER_02372,Mizoram,22.92267,93.26239,27.51,147.72,263.78,75.05,22.99,1500.7,4.52,3,452.8,0.9396,1
NER_02373,Sikkim,27.0995,88.78995,2.5,16.99,59.81,45.21,56.19,3073.3,13.57,1,20.1,0.1122,0
NER_02374,Manipur,25.3897,93.33817,5.07,15.92,34.33,51.47,37.51,977.5,0.85,0,373.9,0.022,0
NER_02375,Assam (Barak/Dima Hasao),25.04013,92.92664,14.5,106.81,421.28,97.33,31.12,722.5,9.33,0,24.6,0.9839,1
NER_02376,Manipur,24.3471,94.31723,52.05,159.72,330.97,87.67,41.17,837.5,8.96,0,80.9,0.9938,1
NER_02377,Nagaland,25.31798,93.81994,42.28,124.77,320.85,83.41,37.67,1686.0,2.66,0,349.6,0.9694,1
NER_02378,Manipur,24.77943,94.53894,6.56,83.01,467.49,93.15,21.78,571.5,7.49,1,37.6,0.9634,1
NER_02379,Sikkim,27.51486,88.08657,36.08,210.72,454.34,94.85,31.83,2096.8,3.19,2,698.0,0.9994,1
NER_02380,Assam (Barak/Dima Hasao),24.89082,92.67818,22.65,225.96,336.84,94.9,24.55,150.0,3.29,0,653.5,0.996,1
NER_02381,Arunachal Pradesh,29.17395,92.98238,5.66,26.48,118.95,65.95,45.17,3273.1,10.93,0,77.4,0.1933,0
NER_02382,Nagaland,26.69491,93.72291,1.45,16.1,19.83,30.08,39.66,1500.4,1.37,2,337.6,0.0159,0
NER_02383,Mizoram,22.45957,93.26148,9.85,40.18,340.41,82.1,32.9,507.3,7.39,2,11.1,0.8434,1
NER_02384,Mizoram,23.37513,93.14501,1.5,2.24,56.42,26.2,24.69,1745.0,0.73,0,49.8,0.0025,0
NER_02385,Assam (Barak/Dima Hasao),25.99892,93.5103,17.38,212.22,418.76,95.98,22.23,903.6,0.2,0,72.4,0.9986,1
NER_02386,Assam (Barak/Dima Hasao),25.62354,92.85404,25.4,52.16,482.29,98.0,29.16,1125.3,20.54,0,14.5,0.9247,1
NER_02387,Mizoram,22.72976,92.75418,50.55,123.54,178.91,69.62,42.1,1363.4,18.62,4,636.9,0.8948,1
NER_02388,Sikkim,27.04796,88.03905,3.57,16.13,28.55,31.57,51.89,2590.0,8.04,0,180.6,0.0231,0
NER_02389,Assam (Barak/Dima Hasao),24.96883,92.73198,17.21,63.73,176.45,55.38,27.47,187.0,8.5,0,80.1,0.1399,0
NER_02390,Assam (Barak/Dima Hasao),25.99794,93.23971,18.62,119.75,372.53,91.57,38.31,490.2,3.25,2,331.9,0.993,1
NER_02391,Arunachal Pradesh,26.82468,95.87453,23.83,145.48,322.73,83.49,41.75,3001.1,8.98,1,424.6,0.9876,1
NER_02392,Mizoram,23.73388,92.73724,11.75,34.86,318.64,86.61,27.74,1433.1,14.81,2,181.3,0.6448,0
NER_02393,Arunachal Pradesh,27.55938,97.00685,9.63,25.14,86.68,48.28,36.8,2090.3,1.76,2,65.3,0.0945,0
NER_02394,Mizoram,22.04929,92.94259,12.62,42.42,351.39,85.34,18.88,1288.3,1.99,1,49.3,0.6612,0
NER_02395,Mizoram,23.47589,92.39943,15.8,103.68,193.57,67.24,26.1,1133.0,10.08,2,721.5,0.4541,0
NER_02396,Assam (Barak/Dima Hasao),25.74762,93.43466,28.44,239.71,402.04,86.5,26.2,502.8,0.45,1,193.3,0.9993,1
NER_02397,Tripura (Jampui Hills),24.00578,91.98642,53.29,168.96,201.16,77.44,23.29,150.0,3.79,0,206.4,0.9007,1
NER_02398,Mizoram,23.24691,92.80667,10.75,90.19,405.14,90.46,40.74,744.7,18.87,0,99.0,0.9691,1
NER_02399,Manipur,24.20036,94.64359,30.64,201.28,417.07,98.0,28.84,1372.1,13.48,1,249.9,0.9984,1
NER_02400,Manipur,24.6998,93.09873,24.06,211.93,682.09,98.0,23.81,691.3,1.71,2,68.9,0.9997,1
NER_02401,Nagaland,26.27909,94.71293,4.16,9.65,44.33,38.26,40.17,1607.4,3.8,1,46.2,0.0235,0
NER_02402,Manipur,24.31649,93.45104,0.67,16.9,37.36,53.5,29.47,1341.4,0.2,0,683.9,0.0094,0
NER_02403,Arunachal Pradesh,27.75126,92.02007,4.36,21.72,32.67,24.25,37.74,2441.2,15.18,5,64.6,0.0275,0
NER_02404,Mizoram,22.59642,92.70499,53.4,233.12,374.59,91.07,23.76,1396.2,14.3,4,170.3,0.9993,1
NER_02405,Sikkim,27.10016,88.6061,1.23,4.51,0.35,40.3,49.38,2972.6,0.23,1,25.2,0.0394,0
NER_02406,Mizoram,22.09031,92.43382,1.34,14.84,10.65,21.59,33.51,830.7,11.41,0,17.2,0.0025,0
NER_02407,Assam (Barak/Dima Hasao),25.47747,92.54895,18.97,188.99,437.67,98.0,33.56,1112.3,7.42,4,741.9,0.9994,1
NER_02408,Sikkim,27.75929,88.59054,1.39,22.09,49.25,30.29,30.11,1770.6,0.66,1,507.8,0.0066,0
NER_02409,Mizoram,22.56866,92.46246,8.11,125.88,351.8,78.94,18.49,1775.4,5.25,1,18.9,0.9265,1
NER_02410,Sikkim,27.9877,88.62096,1.33,1.33,37.39,45.65,33.4,2263.3,1.21,5,591.4,0.0338,0
NER_02411,Mizoram,22.63588,93.05608,39.64,99.3,399.43,96.32,26.44,1005.1,1.83,0,274.2,0.9642,1
NER_02412,Manipur,25.09816,94.35744,2.21,2.21,6.7,39.74,40.52,1269.1,1.4,0,508.0,0.0069,0
NER_02413,Manipur,24.80535,94.62964,44.57,115.34,195.2,78.69,37.09,1283.0,5.45,0,345.9,0.8383,0
NER_02414,Tripura (Jampui Hills),24.29467,92.24518,10.97,104.32,249.79,66.84,15.87,714.1,7.29,0,25.2,0.4282,1
NER_02415,Sikkim,27.67627,88.26898,12.46,166.58,359.04,89.03,43.54,1478.5,22.89,0,486.5,0.9909,1
NER_02416,Nagaland,26.60275,93.41523,27.94,138.24,354.03,95.55,29.61,1863.8,12.69,0,75.1,0.9812,1
NER_02417,Assam (Barak/Dima Hasao),25.43292,93.18899,20.01,163.47,567.32,98.0,29.99,698.1,10.36,8,262.7,0.9997,1
NER_02418,Arunachal Pradesh,27.48302,96.87479,11.93,224.22,316.11,92.49,58.77,3035.9,4.67,1,225.9,0.9997,1
NER_02419,Mizoram,22.23913,92.63321,48.95,101.25,145.22,64.0,32.81,1397.8,14.01,0,139.3,0.3861,0
NER_02420,Arunachal Pradesh,26.58841,93.31709,0.71,11.87,4.66,21.72,39.33,2684.7,8.98,2,445.8,0.0049,0
NER_02421,Arunachal Pradesh,29.31748,96.64684,15.49,216.2,599.65,98.0,23.86,2240.6,6.5,5,249.1,0.9997,1
NER_02422,Nagaland,26.3425,94.33175,2.49,2.49,45.18,48.73,40.08,1763.5,32.44,1,215.4,0.0076,0
NER_02423,Assam (Barak/Dima Hasao),25.49979,93.47328,4.07,181.0,254.4,76.67,27.27,345.2,0.59,3,34.6,0.9912,1
NER_02424,Meghalaya,25.50487,90.71927,2.22,49.33,171.86,64.3,49.18,1789.8,16.32,1,400.5,0.4163,1
NER_02425,Tripura (Jampui Hills),24.0048,91.8973,1.46,15.9,38.66,29.37,11.99,390.4,15.85,2,15.3,0.0013,0
NER_02426,Tripura (Jampui Hills),24.28384,92.01646,5.37,5.37,43.49,51.21,21.2,352.2,4.91,0,233.9,0.0044,0
NER_02427,Manipur,25.13005,93.45888,3.07,20.0,18.5,38.68,27.93,1533.6,6.85,1,137.8,0.0071,0
NER_02428,Tripura (Jampui Hills),23.74846,92.13434,37.06,139.44,418.23,98.0,12.36,316.2,12.72,0,309.6,0.9501,1
NER_02429,Manipur,24.69931,93.60028,23.78,50.56,464.0,98.0,34.39,1065.3,2.14,0,10.0,0.9728,1
NER_02430,Nagaland,26.44408,93.55307,6.4,10.39,24.07,38.49,41.71,1068.9,2.36,2,105.2,0.0322,0
NER_02431,Mizoram,22.40689,92.75124,6.97,23.58,12.2,52.69,39.77,1134.6,3.61,2,337.0,0.0521,0
NER_02432,Meghalaya,25.52047,90.59541,2.03,2.03,33.25,26.29,38.93,1104.0,6.71,1,85.2,0.0071,0
NER_02433,Nagaland,25.88142,94.26077,49.81,125.5,430.2,95.46,31.56,1627.0,7.83,0,601.6,0.9826,1
NER_02434,Nagaland,25.52046,94.43284,3.97,15.54,31.7,46.76,25.28,1497.0,2.34,2,97.6,0.0156,0
NER_02435,Meghalaya,25.42412,92.3622,27.45,134.03,549.52,98.0,39.27,1530.7,1.02,1,720.0,0.9987,1
NER_02436,Sikkim,27.37356,88.41898,2.29,2.29,15.06,51.64,29.58,2387.7,3.14,0,19.8,0.0091,0
NER_02437,Tripura (Jampui Hills),24.03507,92.20833,2.7,222.21,536.56,98.0,16.44,1539.5,2.95,2,1101.3,0.999,1
NER_02438,Assam (Barak/Dima Hasao),24.95992,92.53708,47.49,213.21,309.38,92.29,28.38,248.8,4.26,2,610.8,0.997,1
NER_02439,Sikkim,27.42433,88.00806,40.54,52.06,83.06,59.0,45.77,2808.5,4.61,0,10.0,0.2726,1
NER_02440,Assam (Barak/Dima Hasao),24.86174,93.77368,47.58,108.52,586.28,98.0,24.42,493.1,32.52,0,659.0,0.9647,1
NER_02441,Manipur,23.91415,93.704,4.94,15.46,45.77,48.5,24.96,1681.7,7.68,0,116.3,0.0072,0
NER_02442,Tripura (Jampui Hills),24.00525,91.95676,13.81,103.26,422.0,96.0,27.19,739.8,0.56,0,455.3,0.9706,1
NER_02443,Mizoram,23.73445,92.83991,6.94,8.05,35.94,29.56,17.31,1495.7,3.5,1,182.9,0.0017,0
NER_02444,Tripura (Jampui Hills),24.19753,91.928,26.87,85.74,330.78,87.77,20.23,150.0,11.58,1,224.8,0.7851,0
NER_02445,Mizoram,22.91388,92.72146,2.24,166.35,242.87,75.69,18.37,573.9,0.84,1,61.6,0.9342,1
NER_02446,Mizoram,23.38148,93.37029,7.71,15.82,37.14,34.89,21.15,1811.6,10.84,3,189.1,0.0055,0
NER_02447,Assam (Barak/Dima Hasao),25.09607,92.93016,2.18,2.18,5.32,33.63,5.0,928.3,0.2,1,466.5,0.0004,0
NER_02448,Assam (Barak/Dima Hasao),25.23512,93.41756,28.7,28.7,215.77,67.94,33.47,500.7,16.73,0,81.2,0.1608,0
NER_02449,Arunachal Pradesh,26.97243,93.15852,5.45,18.07,25.04,32.69,36.11,2625.2,11.54,5,100.4,0.0351,0
NER_02450,Tripura (Jampui Hills),24.39605,92.0915,7.55,8.26,10.23,52.84,35.49,926.1,11.07,2,325.0,0.0175,0
NER_02451,Nagaland,25.95476,94.80691,5.08,21.3,35.34,26.13,26.1,1573.5,8.62,3,370.5,0.0054,0
NER_02452,Assam (Barak/Dima Hasao),25.25886,92.72695,13.88,26.87,83.96,50.18,21.59,841.6,2.35,3,750.0,0.0193,0
NER_02453,Nagaland,25.26849,93.30175,26.9,108.34,471.25,97.49,20.88,1250.3,3.35,2,709.0,0.98,1
NER_02454,Meghalaya,25.73645,90.40515,25.02,30.82,119.7,55.73,47.51,2155.3,3.76,0,43.9,0.2192,1
NER_02455,Nagaland,25.30719,93.97292,25.79,127.09,380.3,83.45,50.76,1599.3,1.83,4,19.8,0.9991,1
NER_02456,Mizoram,23.61343,93.02985,1.62,9.61,59.54,48.99,28.26,1379.8,24.71,0,22.2,0.0049,0
NER_02457,Mizoram,22.059,93.17824,0.13,1.36,10.84,41.17,31.07,1155.7,8.4,0,264.4,0.0033,0
NER_02458,Mizoram,23.12519,92.86399,23.9,178.1,533.54,98.0,33.7,1424.1,19.13,0,68.7,0.999,1
NER_02459,Tripura (Jampui Hills),23.95492,92.31199,28.09,28.09,170.68,68.92,7.78,1431.5,3.79,1,88.7,0.0361,0
NER_02460,Nagaland,25.56368,94.76588,30.48,61.22,461.38,98.0,40.17,1466.5,0.41,1,57.1,0.9911,1
NER_02461,Manipur,24.16507,93.44908,41.58,162.34,334.04,86.14,17.4,426.8,1.84,2,1024.5,0.9513,1
NER_02462,Sikkim,27.47538,88.72025,28.87,200.6,368.17,91.49,38.34,1851.0,2.64,0,250.1,0.9986,1
NER_02463,Meghalaya,25.93929,92.51341,32.68,171.88,577.76,98.0,25.53,1557.9,33.12,2,73.6,0.9985,1
NER_02464,Assam (Barak/Dima Hasao),25.5935,93.65507,3.63,9.03,37.2,46.89,29.57,1070.4,8.79,0,337.3,0.0056,0
NER_02465,Manipur,24.82032,93.9553,20.99,231.19,634.76,98.0,23.93,1156.3,0.71,2,439.0,0.9997,1
NER_02466,Arunachal Pradesh,28.37482,91.90332,19.04,82.17,225.31,72.53,38.81,2089.6,3.01,3,267.4,0.8877,1
NER_02467,Meghalaya,25.97168,90.30963,2.49,89.3,341.47,76.07,43.89,2173.0,16.89,2,117.8,0.9583,1
NER_02468,Tripura (Jampui Hills),24.26209,92.15947,14.11,225.0,560.58,98.0,18.44,699.7,17.9,0,150.1,0.9992,1
NER_02469,Sikkim,27.81719,88.81683,0.81,0.81,38.11,44.54,38.94,2155.6,9.4,2,154.7,0.021,0
NER_02470,Mizoram,22.1752,92.31729,3.85,9.63,16.09,49.51,27.07,1167.1,5.34,2,404.7,0.0094,0
NER_02471,Nagaland,26.36567,94.66336,50.78,169.63,425.59,88.87,33.77,1358.4,1.8,0,206.1,0.997,1
NER_02472,Sikkim,27.4652,88.79606,6.29,203.07,537.87,98.0,27.37,2137.1,3.42,2,29.1,0.9997,1
NER_02473,Nagaland,26.96464,94.37478,23.91,98.36,182.1,70.81,40.47,918.3,3.93,1,10.0,0.8521,0
NER_02474,Meghalaya,25.29718,91.56104,5.57,98.97,402.11,98.0,27.0,1530.9,1.13,4,668.8,0.9879,1
NER_02475,Assam (Barak/Dima Hasao),26.06496,93.13147,41.94,83.44,330.22,80.31,39.87,726.3,14.64,2,122.7,0.9449,1
NER_02476,Assam (Barak/Dima Hasao),25.83534,92.61938,7.91,9.72,52.5,26.32,18.28,879.7,3.42,1,13.1,0.0023,0
NER_02477,Meghalaya,25.47976,90.19944,2.76,2.76,23.43,46.36,36.56,1405.5,5.27,1,621.4,0.0086,0
NER_02478,Assam (Barak/Dima Hasao),25.1412,93.89467,2.64,192.33,300.53,83.02,14.06,150.0,3.61,0,418.2,0.9532,1
NER_02479,Arunachal Pradesh,27.971,93.74228,53.64,82.04,115.82,56.06,50.66,2359.5,11.63,1,402.8,0.4949,1
NER_02480,Manipur,24.69067,93.03324,2.6,9.52,44.89,43.92,28.12,756.4,5.93,2,90.8,0.014,0
NER_02481,Arunachal Pradesh,29.01716,91.98518,45.69,169.51,392.69,90.22,29.08,2386.0,1.31,5,450.2,0.9987,1
NER_02482,Assam (Barak/Dima Hasao),26.15322,93.42584,42.39,162.57,266.18,75.67,12.6,503.0,8.39,2,16.6,0.9115,1
NER_02483,Sikkim,27.89049,88.18819,15.05,54.42,117.55,50.76,31.12,2448.9,2.08,2,697.2,0.0921,0
NER_02484,Nagaland,25.80532,93.66574,28.0,238.46,643.14,98.0,43.99,1960.3,0.4,0,272.7,0.9997,1
NER_02485,Mizoram,23.63237,92.32919,0.79,8.25,27.1,42.1,34.31,1800.0,10.77,0,292.2,0.0056,0
NER_02486,Mizoram,22.04174,92.68337,35.0,49.15,461.29,98.0,26.92,1240.0,12.47,0,488.2,0.8629,1
NER_02487,Manipur,25.31871,94.07891,25.41,42.18,336.38,85.17,16.25,624.1,18.38,4,593.6,0.4886,1
NER_02488,Meghalaya,25.32148,91.97765,6.44,23.97,42.19,33.54,24.97,1603.2,4.27,0,177.4,0.0044,0
NER_02489,Arunachal Pradesh,28.46965,95.75061,12.05,74.3,454.71,98.0,26.78,2314.5,17.61,5,206.8,0.987,1
NER_02490,Arunachal Pradesh,27.87406,96.50193,2.87,113.31,424.71,95.14,28.79,3395.4,0.64,4,627.0,0.9938,1
NER_02491,Sikkim,27.77774,88.52436,36.51,227.87,511.81,98.0,45.26,2406.0,3.41,1,146.6,0.9997,1
NER_02492,Mizoram,22.89742,92.21832,14.18,141.43,318.66,89.08,14.73,1716.4,0.73,2,10.0,0.969,1
NER_02493,Tripura (Jampui Hills),24.03491,92.39715,4.39,17.8,33.03,53.02,19.68,605.7,1.21,4,583.7,0.0171,0
NER_02494,Assam (Barak/Dima Hasao),25.35443,93.16743,49.48,71.3,202.0,65.54,33.65,691.7,23.1,0,146.7,0.2577,0
NER_02495,Meghalaya,25.62137,91.88956,0.27,14.72,29.35,29.12,39.9,1062.4,3.16,3,456.6,0.0183,0
NER_02496,Mizoram,23.4627,92.29107,3.96,22.36,39.23,53.84,40.81,1195.7,7.14,2,104.5,0.0813,0
NER_02497,Sikkim,27.83056,88.46574,24.39,232.71,623.07,98.0,50.13,1705.9,0.48,0,59.7,0.9997,1
NER_02498,Manipur,24.40085,94.77199,22.46,206.12,586.93,98.0,31.27,264.0,9.28,1,181.3,0.9997,1
NER_02499,Sikkim,27.04497,88.06331,50.64,87.05,293.67,79.43,27.28,2081.4,17.58,0,58.8,0.6775,0
